id,annotations/0/id,annotations/0/completed_by/id,annotations/0/completed_by/email,annotations/0/completed_by/first_name,annotations/0/completed_by/last_name,annotations/0/was_cancelled,annotations/0/ground_truth,annotations/0/created_at,annotations/0/updated_at,annotations/0/lead_time,annotations/0/result_count,annotations/0/task,annotations/0/parent_prediction,annotations/0/parent_annotation,file_upload,data/text/0,created_at,updated_at,project,annotations/0/result/0/value/start,annotations/0/result/0/value/end,annotations/0/result/0/value/text/0,annotations/0/result/0/value/labels/0,annotations/0/result/0/meta/text/0,annotations/0/result/0/id,annotations/0/result/0/from_name,annotations/0/result/0/to_name,annotations/0/result/0/type,annotations/0/result/1/value/start,annotations/0/result/1/value/end,annotations/0/result/1/value/text/0,annotations/0/result/1/value/labels/0,annotations/0/result/1/meta/text/0,annotations/0/result/1/id,annotations/0/result/1/from_name,annotations/0/result/1/to_name,annotations/0/result/1/type,annotations/0/result/2/value/start,annotations/0/result/2/value/end,annotations/0/result/2/value/text/0,annotations/0/result/2/value/labels/0,annotations/0/result/2/id,annotations/0/result/2/from_name,annotations/0/result/2/to_name,annotations/0/result/2/type
88,90,1,adrien.coulon@unil.ch,,,false,false,2021-11-11T00:29:32.782773Z,2021-11-17T19:31:38.267137Z,23017.932,0,88,,,2df98dff-17.csv,"Et ils emportaient ainsi avec ardeur le cadavre , hors de la mêlée , vers les nefs creuses . Et le combat les suivait , acharné et terrible , comme un incendie qui éclate brusquement dans une ville ; et les maisons croulent dans une vaste flamme que tourmente la violence du vent . Ainsi le tumulte sans trêve des chevaux et des hommes poursuivait les Akhaiens . Comme des mulets vigoureux , se hâtant , malgré le travail et la sueur , traînent par l'âpre chemin d'une montagne , soit une poutre , soit un mât ; ainsi Ménélaos et Mèrionès emportaient à la hâte le cadavre . Et derrière eux , les Aias repoussaient les Troiens , comme une colline boisée , qui s'étend par la plaine , repousse les courants furieux des fleuves rapides qui ne peuvent la rompre et qu'elle rejette toujours vers la plaine . Ainsi les Aias repoussaient la foule des Troiens qui les poursuivaient , conduits par Ainéias Ankhisiade et par l'illustre Hektôr . Comme une troupe d'étourneaux et de geais vole en poussant des cris aigus , à l'approche de l'épervier qui tue les petits oiseaux , de même les fils des Akhaiens couraient avec des clameurs perçantes , devant Ainéias et Hektôr , et oublieux du combat . Et les belles armes des Danaens en fuite emplissaient les bords du fossé et le fossé lui-même ; mais le carnage ne cessait point .",2021-11-03T21:16:23.770046Z,2021-11-17T19:31:38.235538Z,1,,,,,,,,,,,,,,,,,,,,,,,,,,
87,89,1,adrien.coulon@unil.ch,,,false,false,2021-11-11T00:27:34.599605Z,2021-11-17T19:31:30.290632Z,23009.958,0,87,,,2df98dff-17.csv,"Il parla ainsi , et , dans leurs bras , ils enlevèrent le cadavre . Et les Troiens poussèrent des cris horribles en voyant les Akhaiens enlever Patroklos . Et ils se ruèrent , semblables à des chiens qui , devançant les chasseurs , s'amassent sur un sanglier blessé qu'ils veulent déchirer . Mais s'il se retourne , confiant dans sa force , ils s'arrêtent et fuient çà et là . Ainsi les Troiens se ruaient en foule , frappant de l'épée et de la lance ; mais , quand les Aias se retournaient et leur tenaient tête , ils changeaient de couleur , et aucun n'osait les combattre pour leur disputer ce cadavre .",2021-11-03T21:16:23.769987Z,2021-11-17T19:31:30.253426Z,1,,,,,,,,,,,,,,,,,,,,,,,,,,
83,85,1,adrien.coulon@unil.ch,,,false,false,2021-11-11T00:25:11.387749Z,2021-11-17T19:30:38.736656Z,22958.412,0,83,,,2df98dff-17.csv,"Et tu ne voulus point , divin Ménélaos , venir en aide aux compagnons attristés d'Antilokhos , aux Pyliens qui le regrettaient . Et il leur laissa le divin Thrasymèdès , et il retourna auprès du héros Patroklos , et , parvenu jusqu'aux Aias , il leur dit :",2021-11-03T21:16:23.769767Z,2021-11-17T19:30:38.704379Z,1,,,,,,,,,,,,,,,,,,,,,,,,,,
82,84,1,adrien.coulon@unil.ch,,,false,false,2021-11-11T00:23:38.366638Z,2021-11-17T19:30:34.261736Z,22953.933,0,82,,,2df98dff-17.csv,"Il parla ainsi , et Antilokhos , accablé par ces paroles , resta longtemps muet , et ses yeux s'emplirent de larmes , et la voix lui manqua ; mais il obéit à l'ordre de Ménélaos . Et il remit ses armes à l'irréprochable Laodokos , son ami , qui conduisait ses chevaux aux sabots massifs , et il s'éloigna en courant . Et ses pieds l'emportaient , pleurant , afin d'annoncer au Pèléide Akhilleus la triste nouvelle .",2021-11-03T21:16:23.769712Z,2021-11-17T19:30:34.225856Z,1,,,,,,,,,,,,,,,,,,,,,,,,,,
80,82,1,adrien.coulon@unil.ch,,,false,false,2021-11-11T00:22:21.081405Z,2021-11-17T19:30:21.044232Z,22940.694,0,80,,,2df98dff-17.csv,"Ayant ainsi parlé , le blond Ménélaos s'éloigna , regardant de tous les côtés , comme l'aigle qui , dit-on , est , de tous les oiseaux de l'Ouranos , celui dont la vue est la plus perçante , car , des hauteurs où il vit , il aperçoit le lièvre qui gîte sous un arbuste feuillu ; et il tombe aussitôt sur lui , le saisit et lui arrache l'âme . De même , divin Ménélaos , tes yeux clairs regardaient de tous côtés , dans la foule des Akhaiens , s'ils voyaient , vivant , le fils de Nestôr . Et Ménélaos le reconnut , à la gauche de la mêlée , excitant ses compagnons au combat . Et , s'approchant , le blond Ménélaos lui dit :",2021-11-03T21:16:23.769601Z,2021-11-17T19:30:21.004663Z,1,606,614,Ménélaos,Speaker,83,nYjNkeQygB,speech,text,labels,606,614,Ménélaos,Speaker,86,EDdOWwOcQU,speech,text,labels,,,,,,,,
79,81,1,adrien.coulon@unil.ch,,,false,false,2021-11-11T00:18:24.111820Z,2021-11-17T19:29:53.003619Z,22912.658,0,79,,,2df98dff-17.csv,"— Aias , chefs des Argiens , et toi , Mèrionès , souvenez-vous de la douceur du malheureux Patroklos ! Pendant sa vie , il était plein de douceur pour tous ; et , maintenant , la mort et la moire l'ont saisi !",2021-11-03T21:16:23.769544Z,2021-11-17T19:29:52.956169Z,1,2,209,"Aias , chefs des Argiens , et toi , Mèrionès , souvenez-vous de la douceur du malheureux Patroklos ! Pendant sa vie , il était plein de douceur pour tous ; et , maintenant , la mort et la moire l'ont saisi !",Speech,,kWqZjZD6EB,speech,text,labels,103,209,"Pendant sa vie , il était plein de douceur pour tous ; et , maintenant , la mort et la moire l'ont saisi !",Dégoût,,FyDWVZ2heG,emotion,text,labels,2,102,"Aias , chefs des Argiens , et toi , Mèrionès , souvenez-vous de la douceur du malheureux Patroklos !",Colère,Y27HKE0Ltz,emotion,text,labels
78,80,1,adrien.coulon@unil.ch,,,false,false,2021-11-11T00:18:17.474541Z,2021-11-17T19:29:19.156762Z,22878.819,0,78,,,2df98dff-17.csv,"Il parla ainsi , et le brave Ménélaos se hâta d'obéir , et il s'éloigna , comme un lion qui , fatigué d'avoir lutté contre les chiens et les hommes , s'éloigne de l'enclos ; car , toute la nuit , par leur vigilance , ils ne lui ont point permis d'enlever les boeufs gras . Il s'est rué sur eux , plein du désir des chairs fraîches ; mais la foule des traits a volé de leurs mains audacieuses , ainsi que les torches ardentes qu'il redoute malgré sa fureur ; et , vers le matin , il s'éloigne , le coeur attristé . De même le brave Ménélaos s'éloignait contre son gré du corps de Patroklos , car il craignait que les Akhaiens terrifiés ne l'abandonnassent en proie à l'ennemi . Et il exhorta Mèrionès et les Aias :",2021-11-03T21:16:23.769490Z,2021-11-17T19:29:19.117646Z,1,531,539,Ménélaos,Speaker,81,CZTSWpgwqX,speech,text,labels,,,,,,,,,,,,,,,,,
75,77,1,adrien.coulon@unil.ch,,,false,false,2021-11-11T00:14:32.135571Z,2021-11-17T19:28:53.403774Z,22853.036,0,75,,,2df98dff-17.csv,"— Ô dieux ! le plus insensé comprendrait maintenant que le père Zeus donne la victoire aux Troiens . Tous leurs traits portent , que ce soit la main d'un lâche qui les envoie ou d'un brave ; Zeus les dirige , et les nôtres tombent vains et impuissants sur la terre . Allons , songeons au moins au meilleur moyen d'entraîner le cadavre de Patroklos , et nous réjouirons ensuite nos compagnons par notre retour . Ils s'attristent en nous regardant , car ils pensent que nous n'échapperons pas aux mains inévitables et à la vigueur du tueur d'hommes Hektôr , mais que nous serons rejetés vers les nefs noires . Plût aux dieux qu'un de nous annonçât promptement ce malheur au Pèléide ! Je ne pense pas qu'il sache que son cher compagnon est mort . Mais je ne sais qui nous pourrions envoyer parmi les Akhaiens . Un brouillard noir nous enveloppe tous , les hommes et les chevaux . Père Zeus , délivre de cette obscurité les fils des Akhaiens ; rends-nous la clarté , que nos yeux puissent voir ; et si tu veux nous perdre dans ta colère , que ce soit du moins à la lumière !",2021-11-03T21:16:23.769319Z,2021-11-17T19:28:53.354576Z,1,2,1070,"Ô dieux ! le plus insensé comprendrait maintenant que le père Zeus donne la victoire aux Troiens . Tous leurs traits portent , que ce soit la main d'un lâche qui les envoie ou d'un brave ; Zeus les dirige , et les nôtres tombent vains et impuissants sur la terre . Allons , songeons au moins au meilleur moyen d'entraîner le cadavre de Patroklos , et nous réjouirons ensuite nos compagnons par notre retour . Ils s'attristent en nous regardant , car ils pensent que nous n'échapperons pas aux mains inévitables et à la vigueur du tueur d'hommes Hektôr , mais que nous serons rejetés vers les nefs noires . Plût aux dieux qu'un de nous annonçât promptement ce malheur au Pèléide ! Je ne pense pas qu'il sache que son cher compagnon est mort . Mais je ne sais qui nous pourrions envoyer parmi les Akhaiens . Un brouillard noir nous enveloppe tous , les hommes et les chevaux . Père Zeus , délivre de cette obscurité les fils des Akhaiens ; rends-nous la clarté , que nos yeux puissent voir ; et si tu veux nous perdre dans ta colère , que ce soit du moins à la lumière !",Speech,,cHE1rtZyYD,speech,text,labels,2,607,"Ô dieux ! le plus insensé comprendrait maintenant que le père Zeus donne la victoire aux Troiens . Tous leurs traits portent , que ce soit la main d'un lâche qui les envoie ou d'un brave ; Zeus les dirige , et les nôtres tombent vains et impuissants sur la terre . Allons , songeons au moins au meilleur moyen d'entraîner le cadavre de Patroklos , et nous réjouirons ensuite nos compagnons par notre retour . Ils s'attristent en nous regardant , car ils pensent que nous n'échapperons pas aux mains inévitables et à la vigueur du tueur d'hommes Hektôr , mais que nous serons rejetés vers les nefs noires .",Tristesse,,S4HGkDpJZm,emotion,text,labels,608,679,Plût aux dieux qu'un de nous annonçât promptement ce malheur au Pèléide,Colère,5sv6WgWDAD,emotion,text,labels
74,76,1,adrien.coulon@unil.ch,,,false,false,2021-11-11T00:14:09.974417Z,2021-11-17T19:27:28.918946Z,22768.59,0,74,,,2df98dff-17.csv,"Il parla ainsi , et Idoméneus fouetta les chevaux aux belles crinières , jusqu'aux nefs creuses , car la crainte avait envahi son coeur . Et le magnanime Aias et Ménélaos reconnurent aussi que la victoire échappait aux Akhaiens et que Zeus la donnait aux Troiens . Et le grand Télamônien Aias dit le premier :",2021-11-03T21:16:23.769260Z,2021-11-17T19:27:28.885813Z,1,277,292,Télamônien Aias,Speaker,77,kyGM-LXtgX,speech,text,labels,,,,,,,,,,,,,,,,,
73,75,1,adrien.coulon@unil.ch,,,false,false,2021-11-11T00:13:11.018023Z,2021-11-17T19:27:22.374100Z,22762.039,0,73,,,2df98dff-17.csv,— Fouette maintenant les rapides chevaux jusqu'aux nefs ; tu vois comme moi que la victoire échappe aux Akhaiens .,2021-11-03T21:16:23.769204Z,2021-11-17T19:27:22.339437Z,1,2,114,Fouette maintenant les rapides chevaux jusqu'aux nefs ; tu vois comme moi que la victoire échappe aux Akhaiens .,Speech,,NKwwQd6CN3,speech,text,labels,2,114,Fouette maintenant les rapides chevaux jusqu'aux nefs ; tu vois comme moi que la victoire échappe aux Akhaiens .,Colère,,06M1LUpZj8,emotion,text,labels,,,,,,,,
72,74,1,adrien.coulon@unil.ch,,,false,false,2021-11-11T00:12:58.489661Z,2021-11-17T19:27:08.257193Z,22747.926,0,72,,,2df98dff-17.csv,"Et comme Hektôr se jetait sur Lèitos , Idoméneus le frappa à la cuirasse , au-dessous de la mamelle , mais la longue pique se rompit là où la pointe s'unit au bois , et les Troiens poussèrent des clameurs ; et , contre Idoméneus Deukalide debout sur son char , Hektôr lança sa pique qui s'égara et perça le conducteur de Mèrionès , Koiranos , qui l'avait suivi de la populeuse Lyktos . Idoméneus étant venu à pied des nefs aux doubles avirons , il eût donné une grande gloire aux Troiens , si Koiranos n'eût amené aussitôt les chevaux rapides . Et il fut le salut d'Idoméneus , et il lui conserva la lumière ; mais lui-même rendit l'âme sous le tueur d'hommes Hektôr qui le perça entre la mâchoire et l'oreille . La pique ébranla les dents et trancha la moitié de la langue . Koiranos tomba du char , laissant traîner les rênes . Et Mèrionès , les saisissant à terre , dit à Idoméneus :",2021-11-03T21:16:23.769150Z,2021-11-17T19:27:08.223842Z,1,833,841,Mèrionès,Speaker,75,GZVm3zpvJq,speech,text,labels,,,,,,,,,,,,,,,,,
71,73,1,adrien.coulon@unil.ch,,,false,false,2021-11-11T00:11:47.099284Z,2021-11-17T19:27:00.437687Z,22740.108,0,71,,,2df98dff-17.csv,"Et , le premier , le Boiôtien Pènéléôs prit la fuite , blessé par Polydamas d'un coup de lance qui lui avait traversé le haut de l'épaule jusqu'à l'os . Et Hektôr blessa à la main Lèitos , fils du magnanime Alektryôn ; et il le mit en fuite , épouvanté et regardant de tous côtés , car il n'espérait plus pouvoir tenir une lance pour le combat .",2021-11-03T21:16:23.769092Z,2021-11-17T19:27:00.401003Z,1,,,,,,,,,,,,,,,,,,,,,,,,,,
70,72,1,adrien.coulon@unil.ch,,,false,false,2021-11-11T00:10:58.615530Z,2021-11-17T19:26:52.668884Z,22732.33,0,70,,,2df98dff-17.csv,"Il parla ainsi , et la noire nuée de la douleur enveloppa Hektôr , et il se rua aux premiers rangs , armé de l'airain splendide . Et alors le Kroniôn saisit l'aigide aux franges éclatantes , et il couvrit l'Ida de nuées , et , fulgurant , il tonna fortement , secouant l'aigide , donnant la victoire aux Troiens et mettant les Akhaiens en fuite .",2021-11-03T21:16:23.769029Z,2021-11-17T19:26:52.630593Z,1,,,,,,,,,,,,,,,,,,,,,,,,,,
68,70,1,adrien.coulon@unil.ch,,,false,false,2021-11-11T00:09:29.513229Z,2021-11-17T19:26:30.213660Z,22709.885,0,68,,,2df98dff-17.csv,"Il parla ainsi , et Athènè aux yeux clairs se réjouit parce qu'il l'avait implorée avant tous les dieux . Et elle répandit la vigueur dans ses épaules et dans ses genoux , et elle mit dans sa poitrine l'audace de la mouche qui , toujours et vainement chassée , se plaît à mordre , car le sang de l'homme lui est doux . Et elle mit cette audace dans son coeur sombre ; et , retournant vers Patroklos , il lança sa pique brillante . Et parmi les Troiens se trouvait Podès , fils d'Êétiôn , riche , brave , et très honoré par Hektôr entre tous les autres , parce qu'il était son plus cher convive . Le blond Ménélaos le frappa sur le baudrier , comme il fuyait ; et l'airain le traversa , et il tomba avec bruit , et l'Atréide Ménélaos entraîna son cadavre du côté des Akhaiens . Et Apollôn excita Hektôr , sous la forme de Phainops Asiade qui habitait Abydos , et qui était le plus cher des hôtes du Priamide . Et l'archer Apollôn dit à celui-ci , sous la forme de Phainops :",2021-11-03T21:16:23.768921Z,2021-11-17T19:26:30.181142Z,1,921,928,Apollôn,Speaker,71,bZ4V6ax3uJ,speech,text,labels,,,,,,,,,,,,,,,,,
67,69,1,adrien.coulon@unil.ch,,,false,false,2021-11-11T00:06:22.868074Z,2021-11-17T19:26:21.758137Z,22701.432,0,67,,,2df98dff-17.csv,"— Phoinix , mon père , vieillard vénérable , plût aux dieux qu'Athènè me donnât la force et repoussât loin de moi les traits . J'irais et je défendrais Patroklos , car , en mourant , il a violemment déchiré mon coeur . Mais la vigueur de Hektôr est comme celle du feu , et il ne cesse de tuer avec l'airain , et Zeus lui donne la victoire .",2021-11-03T21:16:23.768864Z,2021-11-17T19:26:21.725073Z,1,2,340,"Phoinix , mon père , vieillard vénérable , plût aux dieux qu'Athènè me donnât la force et repoussât loin de moi les traits . J'irais et je défendrais Patroklos , car , en mourant , il a violemment déchiré mon coeur . Mais la vigueur de Hektôr est comme celle du feu , et il ne cesse de tuer avec l'airain , et Zeus lui donne la victoire .",Speech,,6NhM4Y8G7s,speech,text,labels,127,218,"J'irais et je défendrais Patroklos , car , en mourant , il a violemment déchiré mon coeur . ",Colère,,Te9_ZTt7Og,emotion,text,labels,,,,,,,,
65,67,1,adrien.coulon@unil.ch,,,false,false,2021-11-11T00:05:57.773532Z,2021-11-17T19:25:49.963480Z,22669.632,0,65,,,2df98dff-17.csv,"— Quelle honte et quelle douleur pour toi , Ménélaos , si les chiens rapides des Troiens mangeaient , sous leurs murailles , le cher compagnon de l'illustre Akhilleus Mais sois ferme , et encourage tout ton peuple .",2021-11-03T21:16:23.768757Z,2021-11-17T19:25:49.928710Z,1,2,215,"Quelle honte et quelle douleur pour toi , Ménélaos , si les chiens rapides des Troiens mangeaient , sous leurs murailles , le cher compagnon de l'illustre Akhilleus Mais sois ferme , et encourage tout ton peuple .",Speech,,s5TTv9F7O0,speech,text,labels,2,215,"Quelle honte et quelle douleur pour toi , Ménélaos , si les chiens rapides des Troiens mangeaient , sous leurs murailles , le cher compagnon de l'illustre Akhilleus Mais sois ferme , et encourage tout ton peuple .",Tristesse,,blR8YLkFwo,emotion,text,labels,,,,,,,,
64,66,1,adrien.coulon@unil.ch,,,false,false,2021-11-11T00:05:34.954447Z,2021-11-17T19:25:29.599218Z,22649.26,0,64,,,2df98dff-17.csv,"Et , de nouveau , la mêlée affreuse et lamentable recommença sur Patroklos . Et Athènè , descendant de l'Ouranos , anima le combat , car Zeus au large regard l'avait envoyée afin d'encourager les Danaens , son esprit étant changé . De même que l'Ouranien Zeus envoie aux vivants une Iris pourprée , signe de guerre ou de froides tempêtes , qui interrompt les travaux des hommes et nuit aux troupeaux ; de même Athènè , s'enveloppant d'une nuée pourprée , se mêla à la foule des Akhaiens . Et , d'abord , elle excita le fils d'Atreus , parlant ainsi au brave Ménélaos , sous la forme de Phoinix à la voix mâle :",2021-11-03T21:16:23.768703Z,2021-11-17T19:25:29.561345Z,1,410,416,Athènè,Speaker,67,aYTLQ7BzEp,speech,text,labels,,,,,,,,,,,,,,,,,
60,62,1,adrien.coulon@unil.ch,,,false,false,2021-11-11T00:00:04.366539Z,2021-11-17T19:25:10.719969Z,22630.389,0,60,,,2df98dff-17.csv,"— Aias et Ménélaos , chefs des Argiens , remettez ce cadavre aux plus braves , et qu'ils le défendent , et qu'ils repoussent la foule des hommes ; mais éloignez notre dernier jour , à nous qui sommes vivants , car voici que Hektôr et Ainéias , les plus terribles des Troiens , se ruent sur nous à travers la mêlée lamentable . Mais la destinée est sur les genoux des dieux ! Je lance ma pique , me confiant en Zeus .",2021-11-03T21:16:23.768473Z,2021-11-17T19:25:10.687331Z,1,2,416,"Aias et Ménélaos , chefs des Argiens , remettez ce cadavre aux plus braves , et qu'ils le défendent , et qu'ils repoussent la foule des hommes ; mais éloignez notre dernier jour , à nous qui sommes vivants , car voici que Hektôr et Ainéias , les plus terribles des Troiens , se ruent sur nous à travers la mêlée lamentable . Mais la destinée est sur les genoux des dieux ! Je lance ma pique , me confiant en Zeus .",Speech,,3VVPlqZfiS,speech,text,labels,2,416,"Aias et Ménélaos , chefs des Argiens , remettez ce cadavre aux plus braves , et qu'ils le défendent , et qu'ils repoussent la foule des hommes ; mais éloignez notre dernier jour , à nous qui sommes vivants , car voici que Hektôr et Ainéias , les plus terribles des Troiens , se ruent sur nous à travers la mêlée lamentable . Mais la destinée est sur les genoux des dieux ! Je lance ma pique , me confiant en Zeus .",Ardeur,,9wpZh1iQd8,emotion,text,labels,,,,,,,,
57,59,1,adrien.coulon@unil.ch,,,false,false,2021-11-10T23:58:40.885609Z,2021-11-17T19:23:44.648754Z,22544.312,0,57,,,2df98dff-17.csv,"Il parla , et l'irréprochable fils d'Ankhisès consentit , et ils marchèrent , abritant leurs épaules des cuirs secs et solides que recouvrait l'airain . Et avec eux marchaient Khromios et Arètos semblable à un dieu . Et les insensés espéraient tuer les deux Akhaiens et se saisir des chevaux au large cou ; mais ils ne devaient point revenir sans avoir répandu leur sang sous les mains d'Automédôn . Et celui-ci supplia le père Zeus , et , plein de force et de courage dans son coeur sombre , il dit à son compagnon fidèle , Alkimédôn :",2021-11-03T21:16:23.768309Z,2021-11-17T19:23:44.609906Z,1,388,397,Automédôn,Speaker,60,U-o-Y6jbVI,speech,text,labels,388,397,Automédôn,Speaker,62,ZxljPQoj2J,speech,text,labels,,,,,,,,
56,58,1,adrien.coulon@unil.ch,,,false,false,2021-11-10T23:57:33.511394Z,2021-11-17T19:23:24.716140Z,22524.389,0,56,,,2df98dff-17.csv,"— Ainéias , prince des Troiens cuirassés , je vois les deux chevaux du rapide Aiakide qui courent dans la mêlée avec des conducteurs vils , et j'espère les saisir , si tu veux m'aider , car , sans doute , ces hommes n'oseront point nous tenir tête .",2021-11-03T21:16:23.768252Z,2021-11-17T19:23:24.683402Z,1,2,247,"Ainéias , prince des Troiens cuirassés , je vois les deux chevaux du rapide Aiakide qui courent dans la mêlée avec des conducteurs vils , et j'espère les saisir , si tu veux m'aider , car , sans doute , ces hommes n'oseront point nous tenir tête",Speech,,JvIdwozTHN,speech,text,labels,2,247,"Ainéias , prince des Troiens cuirassés , je vois les deux chevaux du rapide Aiakide qui courent dans la mêlée avec des conducteurs vils , et j'espère les saisir , si tu veux m'aider , car , sans doute , ces hommes n'oseront point nous tenir tête",Ardeur,,8o_t_3K433,emotion,text,labels,,,,,,,,
54,56,1,adrien.coulon@unil.ch,,,false,false,2021-11-10T23:55:44.231835Z,2021-11-17T19:23:04.280042Z,22503.935,0,54,,,2df98dff-17.csv,"— Alkimédôn , nul des Akhaiens ne pourrait dompter les chevaux immortels , si ce n'est toi . Patroklos , vivant , seul le pouvait , étant semblable aux dieux par sa prudence . Maintenant , la mort et la moire l'ont saisi . Prends le fouet et les rênes splendides , et je descendrai pour combattre .",2021-11-03T21:16:23.768144Z,2021-11-17T19:23:04.247629Z,1,2,298,"Alkimédôn , nul des Akhaiens ne pourrait dompter les chevaux immortels , si ce n'est toi . Patroklos , vivant , seul le pouvait , étant semblable aux dieux par sa prudence . Maintenant , la mort et la moire l'ont saisi . Prends le fouet et les rênes splendides , et je descendrai pour combattre .",Speech,,yy3bT-CJQg,speech,text,labels,223,298,"Prends le fouet et les rênes splendides , et je descendrai pour combattre .",Ardeur,,7UX9FGHAOH,emotion,text,labels,,,,,,,,
52,54,1,adrien.coulon@unil.ch,,,false,false,2021-11-10T23:54:11.387991Z,2021-11-17T19:22:32.320381Z,22471.982,0,52,,,2df98dff-17.csv,"— Automédôn , quel dieu t'ayant mis dans l'âme un dessein insensé , t'a ravi l'esprit ? Tu veux combattre seul aux premiers rangs , contre les Troiens , et ton compagnon est mort , et Hektôr se glorifie de porter sur ses épaules les armes de l'Aiakide !",2021-11-03T21:16:23.768034Z,2021-11-17T19:22:32.280206Z,1,2,253,"Automédôn , quel dieu t'ayant mis dans l'âme un dessein insensé , t'a ravi l'esprit ? Tu veux combattre seul aux premiers rangs , contre les Troiens , et ton compagnon est mort , et Hektôr se glorifie de porter sur ses épaules les armes de l'Aiakide !",Speech,,Zsz5HR-flA,speech,text,labels,2,253,"Automédôn , quel dieu t'ayant mis dans l'âme un dessein insensé , t'a ravi l'esprit ? Tu veux combattre seul aux premiers rangs , contre les Troiens , et ton compagnon est mort , et Hektôr se glorifie de porter sur ses épaules les armes de l'Aiakide !",Colère,,Zsz5HR-flA,emotion,text,labels,0,253,"— Automédôn , quel dieu t'ayant mis dans l'âme un dessein insensé , t'a ravi l'esprit ? Tu veux combattre seul aux premiers rangs , contre les Troiens , et ton compagnon est mort , et Hektôr se glorifie de porter sur ses épaules les armes de l'Aiakide !",Colère,xLvUIfmOe2,emotion,text,labels
51,53,1,adrien.coulon@unil.ch,,,false,false,2021-11-10T23:54:04.876834Z,2021-11-17T19:21:59.903090Z,22439.568,0,51,,,2df98dff-17.csv,"Ayant ainsi parlé , il inspira une grande force aux chevaux , et ceux-ci , secouant la poussière de leurs crins sur la terre , entraînèrent rapidement le char léger entre les Troiens et les Akhaiens . Et Automédôn , bien que pleurant son compagnon , excitait l'impétuosité des chevaux , tel qu'un vautour sur des oies . Et il s'éloignait ainsi de la foule des Troiens , et il revenait se ruer dans la mêlée ; mais il poursuivait les guerriers sans les tuer , ne pouvant à la fois , seul sur le char sacré , combattre de la lance et diriger les chevaux rapides . Enfin , un de ses compagnons , Alkimédôn , fils de Laerkeus Aimonide , le vit de ses yeux , et , s'arrêtant auprès du char , dit à Automédôn :",2021-11-03T21:16:23.767977Z,2021-11-17T19:21:59.867045Z,1,593,630,"Alkimédôn , fils de Laerkeus Aimonide",Speaker,54,GkRBEBPtZn,speech,text,labels,,,,,,,,,,,,,,,,,
49,51,1,adrien.coulon@unil.ch,,,false,false,2021-11-10T23:50:49.181923Z,2021-11-17T19:21:29.881056Z,22409.54,0,49,,,2df98dff-17.csv,"Chacun parlait ainsi et animait le courage de ses compagnons , et ils combattaient , et le retentissement de l'airain montait dans l'Ouranos , par les airs stériles . Et les chevaux de l'Aiakide pleuraient , hors de la mêlée , parce qu'ils avaient perdu leur conducteur couché sur la poussière par le tueur d'hommes Hektôr . Et , vainement , Automédôn , le fils du brave Diorès , les excitait du fouet ou leur adressait de flatteuses paroles , ils ne voulaient point aller vers le large Hellespontos , ni vers la mêlée des Akhaiens ; et , de même qu'une colonne qui reste debout sur la tombe d'un homme ou d'une femme , ils restaient immobiles devant le beau char , la tête courbée vers la terre . Et de chaudes larmes tombaient de leurs paupières , car ils regrettaient leur conducteur ; et leurs crinières florissantes pendaient , souillées , des deux côtés du joug . Et le Kroniôn fut saisi de compassion en les voyant , et , secouant la tête , il dit dans son esprit :",2021-11-03T21:16:23.767773Z,2021-11-17T19:21:29.836716Z,1,873,883,le Kroniôn,Speaker,52,2hbpAOYXdq,speech,text,labels,,,,,,,,,,,,,,,,,
45,47,1,adrien.coulon@unil.ch,,,false,false,2021-11-10T23:48:26.714842Z,2021-11-17T19:20:55.246451Z,22374.916,0,45,,,2df98dff-17.csv,"Et tous , autour du cadavre , combattaient , infatigables , de leurs lances aiguës , et s'entrehYpppHeNtuaient . Et les Akhaiens cuirassés disaient :",2021-11-03T21:16:23.767338Z,2021-11-17T19:20:55.214920Z,1,120,128,Akhaiens,Speaker,48,4b-Q3O2VWy,speech,text,labels,,,,,,,,,,,,,,,,,
44,46,1,adrien.coulon@unil.ch,,,false,false,2021-11-10T23:48:12.953495Z,2021-11-17T19:20:38.899156Z,22358.569,0,44,,,2df98dff-17.csv,"Mais le divin Akhilleus ignorait la mort du Ménoitiade , car les hommes combattaient , loin des nefs , sous les murailles de Troiè . Et il pensait que Patroklos reviendrait vivant , après avoir poussé jusqu'aux portes de la ville , sachant qu'il ne devait point renverser Ilios sans lui , et même avec lui . Souvent , en effet , il l'avait entendu dire à sa mère qui lui révélait la pensée de Zeus ; mais sa mère ne lui avait pas annoncé un si grand malheur , et il ne savait pas que son plus cher compagnon périrait .",2021-11-03T21:16:23.767271Z,2021-11-17T19:20:38.865778Z,1,,,,,,,,,,,,,,,,,,,,,,,,,,
43,45,1,adrien.coulon@unil.ch,,,false,false,2021-11-10T23:46:54.342899Z,2021-11-17T19:20:30.847918Z,22350.523,0,43,,,2df98dff-17.csv,"Et , pendant tout le jour , le carnage continua autour de Patroklos , du brave compagnon du rapide Aiakide , et tous avaient les genoux , les pieds , les mains et les yeux souillés de poussière et de sang . De même qu'un homme ordonne à ses serviteurs de tendre une grande peau de boeuf tout imprégnée de graisse liquide , et que ceux-ci la tendent en cercle , et que , sous leurs efforts , la graisse pénètre dans la peau ; de même , de tous les côtés , les combattants traînaient çà et là le cadavre dans un étroit espace , les Troiens vers Ilios et les Akhaiens vers les nefs creuses ; et un affreux tumulte s'élevait , qui eût réjoui Athènè et Arès qui irrite le combat . Ainsi Zeus heurta , tout le jour , la mêlée des hommes et des chevaux sur le cadavre de Patroklos .",2021-11-03T21:16:23.767203Z,2021-11-17T19:20:30.815209Z,1,,,,,,,,,,,,,,,,,,,,,,,,,,
42,44,1,adrien.coulon@unil.ch,,,false,false,2021-11-10T23:46:19.051097Z,2021-11-17T19:20:23.509678Z,22343.179,0,42,,,2df98dff-17.csv,"Ailleurs , d'autres Troiens et d'autres Akhaiens aux belles knèmides combattaient à l'aise sous un air serein ; et là se répandait l'étincelante splendeur de Hélios , et il n'y avait de nuées ni sur la terre , ni sur les montagnes . Et ils combattaient mollement , évitant les traits de part et d'autre , et séparés par un large espace . Mais , au centre , sous le noir brouillard , les plus braves , se frappant de l'airain cruel , subissaient tous les maux de la guerre . Et là , deux excellents guerriers , Thrasymèdès et Antilokhos , ne savaient pas que l'irréprochable Patroklos fût mort . Ils pensaient qu'il était vivant et qu'il combattait les Troiens au fort de la mêlée , tandis qu'euxhYpppHeNmêmes luttaient pour le salut de leurs compagnons , loin du Ménoitiade , comme Nestôr le leur avait ordonné , quand il les envoya des nefs noires au combat .",2021-11-03T21:16:23.767134Z,2021-11-17T19:20:23.476018Z,1,,,,,,,,,,,,,,,,,,,,,,,,,,
41,43,1,adrien.coulon@unil.ch,,,false,false,2021-11-10T23:45:28.066789Z,2021-11-17T19:20:17.736171Z,22337.406,0,41,,,2df98dff-17.csv,"Il parla ainsi , et il s'élança parmi les premiers combattants , et les Troiens firent face aux Akhaiens . Et Ainéias blessa d'un coup de lance Leiokritos , fils d'Arisbas , et brave compagnon de Lykomèdès . Et le brave Lykomèdès fut saisi de compassion en le voyant tomber . Il s'approcha , et , lançant sa pique brillante , il perça dans le foie le Hippaside Apisaôn , prince des peuples , et il rompit ses forces . Le Hippaside était venu de la fertile Paioniè , et il était le premier des Paiones , après Astéropaios . Et le brave Astéropaios fut saisi de compassion en le voyant tomber , et il se rua en avant pour combattre les Danaens , mais vainement , car les Akhaiens se tenaient tous , hérissés de lances , autour de Patroklos . Et Aias les exhortait ardemment , et il leur ordonnait de ne point s'écarter du cadavre en s'élançant hors des rangs , mais de rester autour de Patroklos et de tenir ferme . Le grand Aias commandait ainsi ; et la terre était baignée d'un sang pourpré , et tous tombaient les uns sur les autres , Troiens , alliés et Danaens ; mais ceux-ci périssaient en plus petit nombre , car ils n'oubliaient point de s'entr ' aider dans la mêlée . Et tous luttaient , pareils à un incendie ; et nul n'aurait pu dire si Hélios brillait , ou Sélènè , tant les braves qui s'agitaient autour du Ménoitiade étaient enveloppés d'un noir brouillard .",2021-11-03T21:16:23.767063Z,2021-11-17T19:20:17.703576Z,1,,,,,,,,,,,,,,,,,,,,,,,,,,
37,39,1,adrien.coulon@unil.ch,,,false,false,2021-11-10T16:33:23.338434Z,2021-11-17T19:19:49.676609Z,22309.324,0,37,,,2df98dff-17.csv,"Alors , les Troiens eussent été mis en fuite par les braves Akhaiens et fussent rentrés dans Ilios , domptés par leur propre lâcheté , et les Akhaiens eussent remporté la victoire , malgré Zeus , par leur vigueur et leur courage , si Apollôn lui-même n'eût excité Ainéias , sous la forme du héraut Périphas Épytide qui avait vieilli , auprès de son vieux père , dans l'étude et la science de la sagesse . Semblable à Périphas , le fils de Zeus parla ainsi :",2021-11-03T21:16:23.766755Z,2021-11-17T19:19:49.644784Z,1,431,443,fils de Zeus,Speaker,40,uj_O_vDXiz,speech,text,labels,,,,,,,,,,,,,,,,,
36,38,1,adrien.coulon@unil.ch,,,false,false,2021-11-10T16:33:04.840275Z,2021-11-17T19:19:29.105215Z,22288.76,0,36,,,2df98dff-17.csv,"Hektôr lança contre Aias sa pique éclatante , mais celui-ci , l'ayant aperçue , évita la pique d'airain qui frappa le magnanime Skhédios , fils d'Iphitos , et le plus brave des Phôkèens , et qui habitait la grande Panopè , commandant à de nombreux peuples . La pique le perça au milieu de la gorge , et la pointe d'airain sortit au sommet de l'épaule . Il tomba avec bruit et ses armes retentirent sur lui . Et Aias perça au milieu du ventre le brave Phorkys , fils de Phainops , qui défendait le corps de Hippothoos . L'airain rompit le creux de la cuirasse et déchira les entrailles . Il tomba , saisissant la terre avec ses mains , et les premiers rangs , ainsi que Hektôr , reculèrent . Et les Argiens , avec de grands cris , entraînèrent , morts , Phorkys et Hippothoos , et enlevèrent leurs armes .",2021-11-03T21:16:23.766658Z,2021-11-17T19:19:29.072178Z,1,,,,,,,,,,,,,,,,,,,,,,,,,,
34,36,1,adrien.coulon@unil.ch,,,false,false,2021-11-10T16:31:39.932673Z,2021-11-17T19:19:18.962793Z,22278.615,0,34,,,2df98dff-17.csv,"Et , d'abord , les Troiens repoussèrent les Akhaiens aux sourcils arqués . Ceux-ci prirent la fuite , abandonnant le cadavre ; et les Troiens ne les poursuivirent point , malgré leur désir du meurtre ; mais ils entraînaient le cadavre . Et les Akhaiens ne l'abandonnèrent pas longtemps ; et , les ramenant aussitôt , Aias , le premier des Danaens par l'aspect héroïque et les actions , après l'irréprochable Pèléide , se rua aux premiers rangs , semblable par la fureur à un sanglier qui , rebroussant à travers les taillis , disperse les chiens et les jeunes hommes . Ainsi le grand Aias , fils de l'illustre Télamôn , dispersa aisément les phalanges Troiennes qui se pressaient autour de Patroklos , espérant l'entraîner dans Ilios et remporter cette gloire .",2021-11-03T21:16:23.766441Z,2021-11-17T19:19:18.921941Z,1,,,,,,,,,,,,,,,,,,,,,,,,,,
33,35,1,adrien.coulon@unil.ch,,,false,false,2021-11-10T16:29:30.830135Z,2021-11-17T19:19:11.319357Z,22270.997,0,33,,,2df98dff-17.csv,"Et les Troiens avançaient , et Hektôr les menait . De même que le large courant d'un fleuve tombé de Zeus se précipite à la mer , et que la mer s'enfle hors de son lit , et que les rivages résonnent au loin ; de même retentissait la clameur des Troiens . Mais les Akhaiens se tenaient debout autour du Ménoitiade , n'ayant qu'une âme et couverts de leurs boucliers d'airain . Et Zeus répandait une nuée épaisse sur leurs casques éclatants ; car il n'avait point haï le Ménoitiade pendant que , vivant , il était le compagnon de l'Aiakide ; et il ne voulait pas qu'il fût livré en pâture aux chiens troiens ; et il anima ses compagnons à le défendre .",2021-11-03T21:16:23.766134Z,2021-11-17T19:19:11.289983Z,1,,,,,,,,,,,,,,,,,,,,,,,,,,
30,32,1,adrien.coulon@unil.ch,,,false,false,2021-11-10T16:26:40.045296Z,2021-11-17T19:18:58.966990Z,22258.635,0,30,,,2df98dff-17.csv,"Il parla ainsi , et le brave Ménélaos s'empressa d'appeler à grands cris les Danaens :",2021-11-03T21:16:23.765928Z,2021-11-17T19:18:58.934340Z,1,29,37,Ménélaos,Speaker,33,heYNeuvted,speech,text,labels,,,,,,,,,,,,,,,,,
28,30,1,adrien.coulon@unil.ch,,,false,false,2021-11-10T16:24:33.107936Z,2021-11-17T19:18:33.452095Z,22233.126,0,28,,,2df98dff-17.csv,"Il parla ainsi , et tous , les lances tendues , se ruèrent sur les Danaens , espérant arracher au Télamônien Aias le cadavre de Patroklos . Les insensés ! Il devait plutôt arracher , sur ce cadavre , l'âme de beaucoup d'entre eux . Et il dit au brave Ménélaos :",2021-11-03T21:16:23.765809Z,2021-11-17T19:18:33.420714Z,1,,,,,,,,,,,,,,,,,,,,,,,,,,
26,28,1,adrien.coulon@unil.ch,,,false,false,2021-11-10T16:22:51.835472Z,2021-11-17T19:18:25.880142Z,22225.534,0,26,,,2df98dff-17.csv,"Zeus parla ainsi , et il scella sa promesse en abaissant ses sourcils bleus . Et il adapta les armes au corps du Priamide qui , hardi et furieux comme Arès , sentit couler dans tous ses membres la force et le courage . Et , poussant de hautes clameurs , il apparut aux illustres alliés et aux Troiens , semblable à Akhilleus , car il resplendissait sous les armes du magnanime Pèléide . Et , allant de l'un à l'autre , il les exhortait tous : Mesthlès , Glaukos , Médôn , Thersilokhos , Astéropaios , Deisinôr , Hippothoos et Phorkis , et Khromios et le divinateur Ennomos . Et , les excitant par des paroles rapides , il leur parla ainsi :",2021-11-03T21:16:23.765678Z,2021-11-17T19:18:25.834677Z,1,0,4,Zeus,Speaker,29,TyG4OLp492,speech,text,labels,0,4,Zeus,Speaker,31,vBw4etKwg_,speech,text,labels,,,,,,,,
19,21,1,adrien.coulon@unil.ch,,,false,false,2021-11-10T16:16:49.482990Z,2021-11-17T19:17:35.126794Z,22174.79,0,19,,,2df98dff-17.csv,"Et , le regardant d'un oeil sombre , Hektôr au casque mouvant lui répondit :",2021-11-03T21:16:23.765232Z,2021-11-17T19:17:35.091099Z,1,37,43,Hektôr,Speaker,21,ePRDAGAMuq,speech,text,labels,37,43,Hektôr,Speaker,24,5W17JfkmIq,speech,text,labels,,,,,,,,
16,18,1,adrien.coulon@unil.ch,,,false,false,2021-11-10T16:13:30.626747Z,2021-11-17T19:16:47.771088Z,22127.445,0,16,,,2df98dff-17.csv,"Et Aias marchait autour du Ménoitiade , le couvrant de son bouclier , comme une lionne autour de ses petits . Elle les menait à travers la forêt , quand les chasseurs surviennent . Aussitôt , pleine de fureur , elle fronce les sourcils et en couvre ses yeux . Ainsi Aias marchait autour du héros Patroklos , et le brave Atréide Ménélaos se tenait près de lui , avec un grand deuil dans la poitrine .",2021-11-03T21:16:23.764866Z,2021-11-17T19:16:47.739413Z,1,,,,,,,,,,,,,,,,,,,,,,,,,,
15,17,1,adrien.coulon@unil.ch,,,false,false,2021-11-10T16:12:28.348901Z,2021-11-17T19:16:34.501853Z,22114.168,0,15,,,2df98dff-17.csv,"Et le Priamide , après avoir dépouillé Patroklos de ses armes illustres , l'entraînait pour lui couper la tête avec l'airain et livrer son cadavre aux chiens troiens ; mais Aias arriva , portant un bouclier semblable à une tour . Et Hektôr rentra dans la foule de ses compagnons ; et , montant sur son char , il donna les belles armes aux Troiens , pour être portées à Ilios et pour répandre le bruit de sa gloire .",2021-11-03T21:16:23.764811Z,2021-11-17T19:16:34.466144Z,1,,,,,,,,,,,,,,,,,,,,,,,,,,
12,14,1,adrien.coulon@unil.ch,,,false,false,2021-11-10T16:09:57.057172Z,2021-11-17T19:16:19.362113Z,22099.022,0,12,,,2df98dff-17.csv,"Et tandis qu'il délibérait dans son esprit et dans son coeur , les phalanges Troiennes arrivaient conduites par Hektôr . Ménélaos recula et abandonna le cadavre , mais en se retournant , comme un lion à longue barbe que les chiens et les bergers chassent de l'étable avec des lances et des cris , et dont le coeur farouche est troublé , et qui ne s'éloigne qu'à regret de l'enclos . Ainsi le blond Ménélaos s'éloigna de Patroklos . Et il se retourna dès qu'il eut rejoint ses compagnons , et , cherchant partout des yeux le grand Aias Télamônien , il le vit à la gauche de la mêlée , exhortant ses compagnons et les excitant à combattre , car Phoibos Apollôn avait jeté une grande terreur en eux . Et Ménélaos courut à lui et lui dit aussitôt :",2021-11-03T21:16:23.764640Z,2021-11-17T19:16:19.322524Z,1,701,709,Ménélaos,Speaker,15,CWeVvZCDPq,speech,text,labels,,,,,,,,,,,,,,,,,
10,12,1,adrien.coulon@unil.ch,,,false,false,2021-11-10T16:04:40.830496Z,2021-11-17T19:15:54.204866Z,22073.874,0,10,,,2df98dff-17.csv,"Le dieu parla ainsi et rentra dans la foule des hommes . Et une amère douleur saisit le coeur sombre de Hektôr . Il regarda autour de lui dans la mêlée , et il vit Ménélaos enlevant les belles armes d'Euphorbos , et le Panthoide gisant contre terre , et le sang qui coulait de la plaie ouverte . Avec de hautes clameurs , armé de l'airain éclatant , et semblable au feu inextinguible de Hèphaistos , il s'élança aux premiers rangs . Et le fils d'Atreus l'entendit et le vit , et il gémit , disant dans son coeur magnanime :",2021-11-03T21:16:23.764493Z,2021-11-17T19:15:54.170462Z,1,439,452,fils d'Atreus,Speaker,13,M3yAs94lWD,speech,text,labels,,,,,,,,,,,,,,,,,
8,10,1,adrien.coulon@unil.ch,,,false,false,2021-11-10T16:01:50.821218Z,2021-11-17T19:15:42.012112Z,22061.682,0,8,,,2df98dff-17.csv,"Quand un lion montagnard , sûr de sa force , enlève la meilleure vache d'un grand troupeau qui paît , lui brise le cou avec ses fortes dents , boit son sang et mange ses entrailles , les chiens et les bergers poussent , de loin , de grandes clameurs et n'approchent point , parce que la blême terreur les a saisis . De même nul d'entre les Troiens n'osait attaquer l'illustre Ménélaos ; et il eût aisément enlevé les belles armes du Panthoide , si Phoibos Apollôn , par envie , n'eût excité contre lui Hektôr semblable au rapide Arès . Et , sous la forme de Mentès , chef des Kikones , il dit au Priamide ces paroles ailées :",2021-11-03T21:16:23.764233Z,2021-11-17T19:15:41.977004Z,1,376,384,Ménélaos,Speaker,11,JrpZ2ixQbF,speech,text,labels,,,,,,,,,,,,,,,,,
7,7,1,adrien.coulon@unil.ch,,,false,false,2021-11-10T15:56:52.933670Z,2021-11-17T19:15:29.340769Z,22049.005,0,7,,,2df98dff-17.csv,"Il parla ainsi , et il frappa le bouclier d'une rondeur égale ; mais il ne put le traverser , et la pointe d'airain se recourba sur le solide bouclier . Et l'Atréide Ménélaos , suppliant le père Zeus , se rua avec l'airain ; et comme Euphorbos reculait , il le perça à la gorge , et la pointe , poussée par une main robuste , traversa le cou délicat . Et le Panthoide tomba avec bruit , et ses armes retentirent sur lui . Et ses cheveux , qui avaient les reflets de l'or et de l'argent , et qui étaient semblables aux cheveux des Kharites , furent souillés de sang . De même qu'un jeune olivier qu'un homme a planté dans un lieu solitaire , où l'eau jaillit abondante et nourrit sa verdeur , et que le souffle des vents mobiles balance , tandis qu'il se couvre de fleurs blanches , mais qu'un grand tourbillon enveloppe brusquement , arrache et renverse contre terre ; de même l'Atréide Ménélaos tua le brave Panthoide Euphorbos , et le dépouilla de ses armes .",2021-11-03T21:16:23.764165Z,2021-11-17T19:15:29.307065Z,1,,,,,,,,,,,,,,,,,,,,,,,,,,
2,2,1,adrien.coulon@unil.ch,,,false,false,2021-11-10T15:46:29.615109Z,2021-11-17T19:14:20.181603Z,21979.777,0,2,,,2df98dff-17.csv,"— Atréide Ménélaos , illustre prince des peuples , recule , laisse ce cadavre , et livre-moi ces dépouilles sanglantes , car , le premier d'entre les Troiens et les alliés , j'ai blessé Patroklos de ma lance dans la rude mêlée . Laisse-moi donc remporter cette gloire parmi les Troiens , ou je te frapperai et j'arracherai ta chère âme .",2021-11-03T21:16:23.763851Z,2021-11-17T19:14:20.143216Z,1,2,337,"Atréide Ménélaos , illustre prince des peuples , recule , laisse ce cadavre , et livre-moi ces dépouilles sanglantes , car , le premier d'entre les Troiens et les alliés , j'ai blessé Patroklos de ma lance dans la rude mêlée . Laisse-moi donc remporter cette gloire parmi les Troiens , ou je te frapperai et j'arracherai ta chère âme .",Speech,,pSbsWWinxX,speech,text,labels,2,337,"Atréide Ménélaos , illustre prince des peuples , recule , laisse ce cadavre , et livre-moi ces dépouilles sanglantes , car , le premier d'entre les Troiens et les alliés , j'ai blessé Patroklos de ma lance dans la rude mêlée . Laisse-moi donc remporter cette gloire parmi les Troiens , ou je te frapperai et j'arracherai ta chère âme .",Ardeur,,J9st7cWhUa,emotion,text,labels,,,,,,,,
1,1,1,adrien.coulon@unil.ch,,,false,false,2021-11-10T15:44:45.391763Z,2021-11-17T18:24:28.648488Z,18988.311,0,1,,,2df98dff-17.csv,"Et le brave Ménélaos , fils d'Atreus , ayant vu que Patroklos avait été tué par les Troiens , courut aux premiers rangs , armé de l'airain splendide . Et il allait autour du cadavre , comme une vache gémissante , qui n'avait point encore connu l'enfantement , court autour du veau son premier-né . Ainsi le blond Ménélaos allait autour de Patroklos , et , le gardant de sa lance et de son bouclier égal , il se préparait à tuer celui qui approcherait . Et le Panthoide , habile à lancer la pique , n'oublia point l'irréprochable Patroklos qui gisait là , et il s'arrêta devant le cadavre , et il dit au brave Ménélaos :",2021-11-03T21:16:23.763752Z,2021-11-17T18:24:28.610319Z,1,459,468,Panthoide,Speaker,2,HhDSeJvPuW,speech,text,labels,459,468,Panthoide,Colère,2,HhDSeJvPuW,emotion,text,labels,,,,,,,,
85,87,1,adrien.coulon@unil.ch,,,false,false,2021-11-11T00:26:24.089616Z,2021-11-11T00:26:43.397499Z,32126.518,0,85,,,2df98dff-17.csv,Et le grand Aias Télamônien lui répondit :,2021-11-03T21:16:23.769876Z,2021-11-11T00:26:43.361737Z,1,12,27,Aias Télamônien,Speaker,88,YxktQIcZvJ,speech,text,labels,,,,,,,,,,,,,,,,,
81,83,1,adrien.coulon@unil.ch,,,false,false,2021-11-11T00:22:31.120847Z,2021-11-11T00:23:12.928797Z,31916.043,0,81,,,2df98dff-17.csv,"— Viens , divin Antilokhos ! apprends une triste nouvelle . Plût aux dieux que ceci ne fût jamais arrivé ! Sans doute tu sais déjà qu'un dieu accable les Akhaiens et donne la victoire aux Troiens . Le meilleur des Akhaiens a été tué , Patroklos , qui laisse de grands regrets aux Danaens . Mais toi , cours aux nefs des Akhaiens , et annonce ce malheur au Pèléide . Qu'il vienne promptement sauver son cadavre nu , car Hektôr au casque mouvant possède ses armes .",2021-11-03T21:16:23.769657Z,2021-11-11T00:23:12.895775Z,1,2,461,"Viens , divin Antilokhos ! apprends une triste nouvelle . Plût aux dieux que ceci ne fût jamais arrivé ! Sans doute tu sais déjà qu'un dieu accable les Akhaiens et donne la victoire aux Troiens . Le meilleur des Akhaiens a été tué , Patroklos , qui laisse de grands regrets aux Danaens . Mais toi , cours aux nefs des Akhaiens , et annonce ce malheur au Pèléide . Qu'il vienne promptement sauver son cadavre nu , car Hektôr au casque mouvant possède ses armes",Speech,,m9P47ooL2z,speech,text,labels,2,461,"Viens , divin Antilokhos ! apprends une triste nouvelle . Plût aux dieux que ceci ne fût jamais arrivé ! Sans doute tu sais déjà qu'un dieu accable les Akhaiens et donne la victoire aux Troiens . Le meilleur des Akhaiens a été tué , Patroklos , qui laisse de grands regrets aux Danaens . Mais toi , cours aux nefs des Akhaiens , et annonce ce malheur au Pèléide . Qu'il vienne promptement sauver son cadavre nu , car Hektôr au casque mouvant possède ses armes",Tristesse,,m9P47ooL2z,emotion,text,labels,2,363,"Viens , divin Antilokhos ! apprends une triste nouvelle . Plût aux dieux que ceci ne fût jamais arrivé ! Sans doute tu sais déjà qu'un dieu accable les Akhaiens et donne la victoire aux Troiens . Le meilleur des Akhaiens a été tué , Patroklos , qui laisse de grands regrets aux Danaens . Mais toi , cours aux nefs des Akhaiens , et annonce ce malheur au Pèléide",Tristesse,eTJvABivnz,emotion,text,labels
76,78,1,adrien.coulon@unil.ch,,,false,false,2021-11-11T00:16:40.323738Z,2021-11-11T00:16:56.180145Z,31539.229,0,76,,,2df98dff-17.csv,"Il parla ainsi , et le père Zeus eut compassion de ses larmes , et il dispersa aussitôt le brouillard et dissipa la nuée . Hélios brilla , et toute l'armée apparut . Et Aias dit au brave Ménélaos :",2021-11-03T21:16:23.769379Z,2021-11-11T00:16:56.099106Z,1,169,173,Aias,Speaker,79,XNc4BbO5Lf,speech,text,labels,,,,,,,,,,,,,,,,,
66,68,1,adrien.coulon@unil.ch,,,false,false,2021-11-11T00:06:16.251364Z,2021-11-11T00:06:30.831155Z,30913.953,0,66,,,2df98dff-17.csv,Et le brave Ménélaos lui répondit :,2021-11-03T21:16:23.768810Z,2021-11-11T00:06:30.798498Z,1,12,20,Ménélaos,Speaker,69,IEqrPvI0zS,speech,text,labels,,,,,,,,,,,,,,,,,
62,64,1,adrien.coulon@unil.ch,,,false,false,2021-11-11T00:01:47.644299Z,2021-11-11T00:02:41.940779Z,30685.045,0,62,,,2df98dff-17.csv,"— Du moins , j'ai un peu soulagé ma douleur de la mort du Ménoitiade , bien que je n'aie tué qu'un homme très inférieur à lui .",2021-11-03T21:16:23.768586Z,2021-11-11T00:02:41.903809Z,1,2,127,"Du moins , j'ai un peu soulagé ma douleur de la mort du Ménoitiade , bien que je n'aie tué qu'un homme très inférieur à lui .",Speech,,GCg_cw3DU0,speech,text,labels,2,127,"Du moins , j'ai un peu soulagé ma douleur de la mort du Ménoitiade , bien que je n'aie tué qu'un homme très inférieur à lui .",Joie,,Vr-L9eYpzi,emotion,text,labels,,,,,,,,
61,63,1,adrien.coulon@unil.ch,,,false,false,2021-11-11T00:01:41.018469Z,2021-11-11T00:01:57.099535Z,30640.22,0,61,,,2df98dff-17.csv,"Il parla , et il lança sa longue pique , et il frappa le bouclier égal d'Arètos . Et le bouclier n'arrêta point l'airain qui le traversa et entra dans le ventre à travers le baudrier . De même , quand un jeune homme , armé d'une hache tranchante , frappe entre les deux cornes d'un boeuf sauvage , il coupe le nerf , et l'animal bondit et tombe . De même Arètos bondit , et tomba à la renverse , et la pique , à travers les entrailles , rompit ses forces . Et Hektôr lança sa pique éclatante contre Automédôn ; mais celui-ci , l'ayant vu , évita en se baissant la pique d'airain qui , par-dessus lui , plongea en terre et vibra jusqu'à ce que Arès eût épuisé sa vigueur . Et tous deux se jetaient l'un sur l'autre avec leurs épées , quand les rapides Aias , à la voix de leur compagnon , se ruèrent à travers la mêlée . Et Hektôr , Ainéias et Khromios pareil à un dieu reculèrent , laissant Arètos couché , le ventre ouvert . Et Automédôn , pareil au rapide Arès , le dépouillant de ses armes , dit en se glorifiant :",2021-11-03T21:16:23.768532Z,2021-11-11T00:01:57.066066Z,1,929,938,Automédôn,Speaker,64,wfUzLOmwTz,speech,text,labels,,,,,,,,,,,,,,,,,
55,57,1,adrien.coulon@unil.ch,,,false,false,2021-11-10T23:57:25.404480Z,2021-11-10T23:57:42.086585Z,30385.208,0,55,,,2df98dff-17.csv,"Il parla ainsi , et Alkimédôn monta sur le char et prit le fouet et les rênes , et Automédôn descendit ; mais l'illustre Hektôr , l'ayant vu , dit aussitôt à Ainéias :",2021-11-03T21:16:23.768198Z,2021-11-10T23:57:42.054313Z,1,121,127,Hektôr,Speaker,58,gYe-iOAr9m,speech,text,labels,,,,,,,,,,,,,,,,,
53,55,1,adrien.coulon@unil.ch,,,false,false,2021-11-10T23:55:31.493641Z,2021-11-10T23:55:53.299845Z,30276.419,0,53,,,2df98dff-17.csv,"Et le fils de Diorès , Automédôn , lui répondit :",2021-11-03T21:16:23.768089Z,2021-11-10T23:55:53.262500Z,1,3,32,"le fils de Diorès , Automédôn",Speaker,56,I6vINoBQfc,speech,text,labels,,,,,,,,,,,,,,,,,
50,52,1,adrien.coulon@unil.ch,,,false,false,2021-11-10T23:51:05.197381Z,2021-11-10T23:52:08.711330Z,30051.827,0,50,,,2df98dff-17.csv,"— Ah ! malheureux ! pourquoi vous avons-nous donnés au roi Pèleus qui est mortel , vous qui ne connaîtrez point la vieillesse et qui êtes immortels ? Était-ce pour que vous subissiez aussi les douleurs humaines ? Car l'homme est le plus malheureux de tous les êtres qui respirent , ou qui rampent sur la terre . Mais le Priamide Hektôr ne vous conduira jamais , ni vous , ni vos chars splendides . N'esthYpppHeNce pas assez qu'il possède les armes et qu'il s'en glorifie ? Je remplirai vos genoux et votre âme de vigueur , afin que vous rameniez Automédôn de la mêlée , vers les nefs creuses ; car je donnerai la victoire aux Troiens , jusqu'à ce qu'ils touchent aux nefs bien construites , jusqu'à ce que Hélios tombe et que l'ombre sacrée arrive .",2021-11-03T21:16:23.767902Z,2021-11-10T23:52:08.676149Z,1,2,749,"Ah ! malheureux ! pourquoi vous avons-nous donnés au roi Pèleus qui est mortel , vous qui ne connaîtrez point la vieillesse et qui êtes immortels ? Était-ce pour que vous subissiez aussi les douleurs humaines ? Car l'homme est le plus malheureux de tous les êtres qui respirent , ou qui rampent sur la terre . Mais le Priamide Hektôr ne vous conduira jamais , ni vous , ni vos chars splendides . N'esthYpppHeNce pas assez qu'il possède les armes et qu'il s'en glorifie ? Je remplirai vos genoux et votre âme de vigueur , afin que vous rameniez Automédôn de la mêlée , vers les nefs creuses ; car je donnerai la victoire aux Troiens , jusqu'à ce qu'ils touchent aux nefs bien construites , jusqu'à ce que Hélios tombe et que l'ombre sacrée arrive .",Speech,,J30pv5qS1w,speech,text,labels,2,749,"Ah ! malheureux ! pourquoi vous avons-nous donnés au roi Pèleus qui est mortel , vous qui ne connaîtrez point la vieillesse et qui êtes immortels ? Était-ce pour que vous subissiez aussi les douleurs humaines ? Car l'homme est le plus malheureux de tous les êtres qui respirent , ou qui rampent sur la terre . Mais le Priamide Hektôr ne vous conduira jamais , ni vous , ni vos chars splendides . N'esthYpppHeNce pas assez qu'il possède les armes et qu'il s'en glorifie ? Je remplirai vos genoux et votre âme de vigueur , afin que vous rameniez Automédôn de la mêlée , vers les nefs creuses ; car je donnerai la victoire aux Troiens , jusqu'à ce qu'ils touchent aux nefs bien construites , jusqu'à ce que Hélios tombe et que l'ombre sacrée arrive .",Tristesse,,6No-23HVf4,emotion,text,labels,,,,,,,,
48,50,1,adrien.coulon@unil.ch,,,false,false,2021-11-10T23:49:24.103518Z,2021-11-10T23:49:48.756495Z,29911.867,0,48,,,2df98dff-17.csv,"— Ô amis ! si la moire veut que nous tombions tous ici , soit ! mais que nul ne recule !",2021-11-03T21:16:23.767689Z,2021-11-10T23:49:48.725142Z,1,2,88,"Ô amis ! si la moire veut que nous tombions tous ici , soit ! mais que nul ne recule !",Speech,,I6ZzwuefwU,speech,text,labels,2,88,"Ô amis ! si la moire veut que nous tombions tous ici , soit ! mais que nul ne recule !",Ardeur,,FOYelfie9B,emotion,text,labels,,,,,,,,
47,49,1,adrien.coulon@unil.ch,,,false,false,2021-11-10T23:49:15.975207Z,2021-11-10T23:49:34.879511Z,29898.001,0,47,,,2df98dff-17.csv,Et les Troiens magnanimes disaient :,2021-11-03T21:16:23.767579Z,2021-11-10T23:49:34.845551Z,1,7,14,Troiens,Speaker,50,jhQHcwH3Ja,speech,text,labels,,,,,,,,,,,,,,,,,
46,48,1,adrien.coulon@unil.ch,,,false,false,2021-11-10T23:48:35.884898Z,2021-11-10T23:49:05.245162Z,29868.357,0,46,,,2df98dff-17.csv,"— Ô amis ! il serait honteux de retourner vers les nefs creuses ! Que la noire terre nous engloutisse ici , plutôt que de laisser les braves Troiens entraîner ce cadavre vers leur ville et remporter cette gloire !",2021-11-03T21:16:23.767405Z,2021-11-10T23:49:05.201887Z,1,2,213,"Ô amis ! il serait honteux de retourner vers les nefs creuses ! Que la noire terre nous engloutisse ici , plutôt que de laisser les braves Troiens entraîner ce cadavre vers leur ville et remporter cette gloire !",Speech,,rTKt6IoSzN,speech,text,labels,2,213,"Ô amis ! il serait honteux de retourner vers les nefs creuses ! Que la noire terre nous engloutisse ici , plutôt que de laisser les braves Troiens entraîner ce cadavre vers leur ville et remporter cette gloire !",Ardeur,,kD-lTIkzPG,emotion,text,labels,,,,,,,,
40,42,1,adrien.coulon@unil.ch,,,false,false,2021-11-10T16:35:46.205378Z,2021-11-10T16:37:58.907771Z,4002.027,0,40,,,2df98dff-17.csv,"— Hektôr , et vous , chefs des Troiens et des alliés , c'est une honte de fuir vers Ilios , vaincus , à cause de notre lâcheté , par les braves Akhaiens . Voici qu'un des dieux s'est approché de moi , et il m'a dit que le très puissant Zeus nous était propice dans le combat . C'est pourquoi , marchons aux Danaens , et qu'ils n'emportent pas sans peine , jusqu'aux nefs , Patroklos mort .",2021-11-03T21:16:23.766963Z,2021-11-10T16:37:58.875984Z,1,2,389,"Hektôr , et vous , chefs des Troiens et des alliés , c'est une honte de fuir vers Ilios , vaincus , à cause de notre lâcheté , par les braves Akhaiens . Voici qu'un des dieux s'est approché de moi , et il m'a dit que le très puissant Zeus nous était propice dans le combat . C'est pourquoi , marchons aux Danaens , et qu'ils n'emportent pas sans peine , jusqu'aux nefs , Patroklos mort .",Speech,,fb0hPDyALb,speech,text,labels,55,154,"c'est une honte de fuir vers Ilios , vaincus , à cause de notre lâcheté , par les braves Akhaiens .",Colère,,blHivn7Pf4,emotion,text,labels,,,,,,,,
39,41,1,adrien.coulon@unil.ch,,,false,false,2021-11-10T16:35:38.955680Z,2021-11-10T16:35:56.823269Z,3879.944,0,39,,,2df98dff-17.csv,"Il parla ainsi , et Ainéias reconnut l'archer Apollôn , et il cria aussitôt à Hektôr :",2021-11-03T21:16:23.766894Z,2021-11-10T16:35:56.790420Z,1,20,27,Ainéias,Speaker,42,lNDhFsFDjM,speech,text,labels,,,,,,,,,,,,,,,,,
38,40,1,adrien.coulon@unil.ch,,,false,false,2021-11-10T16:33:38.146682Z,2021-11-10T16:35:23.420308Z,3846.539,0,38,,,2df98dff-17.csv,"— Ainéias , comment sauveriez-vous la sainte Ilios , même malgré la volonté d'un dieu ? En étant tels que des guerriers que j'ai vus , confiants dans leur propre courage , autant que dans la vigueur et le nombre de leur peuple . Zeus nous offre la victoire plutôt qu'aux Danaens , mais vous êtes des lâches qui ne savez pas combattre .",2021-11-03T21:16:23.766826Z,2021-11-10T16:35:23.385931Z,1,2,335,"Ainéias , comment sauveriez-vous la sainte Ilios , même malgré la volonté d'un dieu ? En étant tels que des guerriers que j'ai vus , confiants dans leur propre courage , autant que dans la vigueur et le nombre de leur peuple . Zeus nous offre la victoire plutôt qu'aux Danaens , mais vous êtes des lâches qui ne savez pas combattre .",Speech,,CYDUxCCdPc,speech,text,labels,281,335,mais vous êtes des lâches qui ne savez pas combattre .,Dégoût,,T4CtSJnUKB,emotion,text,labels,,,,,,,,
31,33,1,adrien.coulon@unil.ch,,,false,false,2021-11-10T16:26:48.371760Z,2021-11-10T16:27:43.107900Z,3386.215,0,31,,,2df98dff-17.csv,"— Ô amis ! Princes et chefs des Argiens , vous qui mangez aux repas des Atréides Agamemnôn et Ménélaos , et qui commandez les phalanges , car tout honneur et toute gloire viennent de Zeus ; comme il m'est difficile de vous reconnaître dans le tourbillon de la mêlée , que chacun de vous accoure de lui-même , indigné que Patroklos soit livré en pâture aux chiens troiens .",2021-11-03T21:16:23.765988Z,2021-11-10T16:27:43.068843Z,1,2,372,"Ô amis ! Princes et chefs des Argiens , vous qui mangez aux repas des Atréides Agamemnôn et Ménélaos , et qui commandez les phalanges , car tout honneur et toute gloire viennent de Zeus ; comme il m'est difficile de vous reconnaître dans le tourbillon de la mêlée , que chacun de vous accoure de lui-même , indigné que Patroklos soit livré en pâture aux chiens troiens .",Speech,,-bo4DVaNeE,speech,text,labels,2,370,"Ô amis ! Princes et chefs des Argiens , vous qui mangez aux repas des Atréides Agamemnôn et Ménélaos , et qui commandez les phalanges , car tout honneur et toute gloire viennent de Zeus ; comme il m'est difficile de vous reconnaître dans le tourbillon de la mêlée , que chacun de vous accoure de lui-même , indigné que Patroklos soit livré en pâture aux chiens troiens",Ardeur,,cCfCLAD7jr,emotion,text,labels,,,,,,,,
29,31,1,adrien.coulon@unil.ch,,,false,false,2021-11-10T16:24:42.173125Z,2021-11-10T16:26:23.376215Z,3306.486,0,29,,,2df98dff-17.csv,"— Divin Ménélaos , ô ami ! je n'espère pas que nous revenions de ce combat , et , certes , je crains moins pour le cadavre de Patroklos , que les chiens troiens et les oiseaux carnassiers vont bientôt dévorer , que pour ma tête et la tienne , car Hektôr couvre le champ de bataille comme une nuée , et la lourde ruine pend sur nous . Hâte-toi , appelle les princes des Danaens , s'ils t'entendent .",2021-11-03T21:16:23.765870Z,2021-11-10T16:26:23.337552Z,1,2,398,"Divin Ménélaos , ô ami ! je n'espère pas que nous revenions de ce combat , et , certes , je crains moins pour le cadavre de Patroklos , que les chiens troiens et les oiseaux carnassiers vont bientôt dévorer , que pour ma tête et la tienne , car Hektôr couvre le champ de bataille comme une nuée , et la lourde ruine pend sur nous . Hâte-toi , appelle les princes des Danaens , s'ils t'entendent .",Speech,,H82gT7FVlm,speech,text,labels,2,396,"Divin Ménélaos , ô ami ! je n'espère pas que nous revenions de ce combat , et , certes , je crains moins pour le cadavre de Patroklos , que les chiens troiens et les oiseaux carnassiers vont bientôt dévorer , que pour ma tête et la tienne , car Hektôr couvre le champ de bataille comme une nuée , et la lourde ruine pend sur nous . Hâte-toi , appelle les princes des Danaens , s'ils t'entendent",Peur,,urrBx3sKfX,emotion,text,labels,,,,,,,,
27,29,1,adrien.coulon@unil.ch,,,false,false,2021-11-10T16:23:07.187225Z,2021-11-10T16:23:52.145454Z,3155.265,0,27,,,2df98dff-17.csv,"— Entendez-moi , innombrables peuples alliés et voisins d'Ilios ! Je n'ai point appelé une multitude inactive quand je vous ai convoqués de vos villes , mais je vous ai demandé de défendre ardemment les femmes des Troiens et leurs petits enfants contre les Akhaiens belliqueux . Pour vous , j'ai épuisé mes peuples de vivres et de présents et j'ai nourri vos forces . Que chacun combatte donc , triomphe ou périsse , car c'est le sort de la guerre . Celui qui entraînera le corps de Patroklos vers les Troiens dompteurs de chevaux aura , pour sa part , la moitié des dépouilles , et j'aurai l'autre moitié , et sa gloire sera égale à la mienne .",2021-11-03T21:16:23.765741Z,2021-11-10T16:23:52.109492Z,1,2,645,"Entendez-moi , innombrables peuples alliés et voisins d'Ilios ! Je n'ai point appelé une multitude inactive quand je vous ai convoqués de vos villes , mais je vous ai demandé de défendre ardemment les femmes des Troiens et leurs petits enfants contre les Akhaiens belliqueux . Pour vous , j'ai épuisé mes peuples de vivres et de présents et j'ai nourri vos forces . Que chacun combatte donc , triomphe ou périsse , car c'est le sort de la guerre . Celui qui entraînera le corps de Patroklos vers les Troiens dompteurs de chevaux aura , pour sa part , la moitié des dépouilles , et j'aurai l'autre moitié , et sa gloire sera égale à la mienne .",Speech,,2E7RPH6GEC,speech,text,labels,2,645,"Entendez-moi , innombrables peuples alliés et voisins d'Ilios ! Je n'ai point appelé une multitude inactive quand je vous ai convoqués de vos villes , mais je vous ai demandé de défendre ardemment les femmes des Troiens et leurs petits enfants contre les Akhaiens belliqueux . Pour vous , j'ai épuisé mes peuples de vivres et de présents et j'ai nourri vos forces . Que chacun combatte donc , triomphe ou périsse , car c'est le sort de la guerre . Celui qui entraînera le corps de Patroklos vers les Troiens dompteurs de chevaux aura , pour sa part , la moitié des dépouilles , et j'aurai l'autre moitié , et sa gloire sera égale à la mienne .",Ardeur,,Ox3pkkz-PJ,emotion,text,labels,,,,,,,,
25,27,1,adrien.coulon@unil.ch,,,false,false,2021-11-10T16:20:13.891661Z,2021-11-10T16:20:49.722634Z,2972.844,0,25,,,2df98dff-17.csv,"— Ô malheureux ! tu ne songes point à la mort qui est proche de toi , et tu revêts les armes immortelles du plus brave des hommes , devant qui tous les guerriers frémissent ; et tu as tué son compagnon si doux et si courageux , et tu as outrageusement arraché ses armes de sa tête et de ses épaules ! Mais je te donnerai une grande gloire en retour de ce que Andromakhè ne recevra point , après le combat , les armes illustres du Pèléide .",2021-11-03T21:16:23.765603Z,2021-11-10T16:20:49.691670Z,1,2,439,"Ô malheureux ! tu ne songes point à la mort qui est proche de toi , et tu revêts les armes immortelles du plus brave des hommes , devant qui tous les guerriers frémissent ; et tu as tué son compagnon si doux et si courageux , et tu as outrageusement arraché ses armes de sa tête et de ses épaules ! Mais je te donnerai une grande gloire en retour de ce que Andromakhè ne recevra point , après le combat , les armes illustres du Pèléide .",Speech,,9q5ffNL9wN,speech,text,labels,2,439,"Ô malheureux ! tu ne songes point à la mort qui est proche de toi , et tu revêts les armes immortelles du plus brave des hommes , devant qui tous les guerriers frémissent ; et tu as tué son compagnon si doux et si courageux , et tu as outrageusement arraché ses armes de sa tête et de ses épaules ! Mais je te donnerai une grande gloire en retour de ce que Andromakhè ne recevra point , après le combat , les armes illustres du Pèléide .",Colère,,QW8WREkmJ8,emotion,text,labels,,,,,,,,
24,26,1,adrien.coulon@unil.ch,,,false,false,2021-11-10T16:20:07.475055Z,2021-11-10T16:20:24.595066Z,2947.711,0,24,,,2df98dff-17.csv,"Et quand Zeus qui amasse les nuées vit Hektôr couvert des armes du divin Pèléide , il secoua la tête et dit dans son esprit :",2021-11-03T21:16:23.765541Z,2021-11-10T16:20:24.555178Z,1,9,13,Zeus,Speaker,26,ctpRX_XdNQ,speech,text,labels,,,,,,,,,,,,,,,,,
20,22,1,adrien.coulon@unil.ch,,,false,false,2021-11-10T16:17:00.774987Z,2021-11-10T16:19:11.638842Z,2874.759,0,20,,,2df98dff-17.csv,"— Glaukos , pourquoi parles-tu si outrageusement ? Certes , ami , je te croyais supérieur en prudence à tous ceux qui habitent la fertile Lykiè , et maintenant je te blâme d'avoir parlé ainsi , disant que je n'ai pas osé attendre le grand Aias . Jamais ni le bruit des chars , ni le retentissement de la mêlée ne m'ont épouvanté ; mais l'esprit de Zeus tempétueux terrifie aisément le brave et lui enlève la victoire , bien qu'il l'ait poussé au combat . Mais viens et tu verras en ce jour si je suis un lâche , comme tu le dis , et si je saurai rompre la vigueur des Danaens qui défendront le cadavre de Patroklos .",2021-11-03T21:16:23.765297Z,2021-11-10T16:19:11.600416Z,1,2,614,"Glaukos , pourquoi parles-tu si outrageusement ? Certes , ami , je te croyais supérieur en prudence à tous ceux qui habitent la fertile Lykiè , et maintenant je te blâme d'avoir parlé ainsi , disant que je n'ai pas osé attendre le grand Aias . Jamais ni le bruit des chars , ni le retentissement de la mêlée ne m'ont épouvanté ; mais l'esprit de Zeus tempétueux terrifie aisément le brave et lui enlève la victoire , bien qu'il l'ait poussé au combat . Mais viens et tu verras en ce jour si je suis un lâche , comme tu le dis , et si je saurai rompre la vigueur des Danaens qui défendront le cadavre de Patroklos",Speech,,vBoYPe97i8,speech,text,labels,2,614,"Glaukos , pourquoi parles-tu si outrageusement ? Certes , ami , je te croyais supérieur en prudence à tous ceux qui habitent la fertile Lykiè , et maintenant je te blâme d'avoir parlé ainsi , disant que je n'ai pas osé attendre le grand Aias . Jamais ni le bruit des chars , ni le retentissement de la mêlée ne m'ont épouvanté ; mais l'esprit de Zeus tempétueux terrifie aisément le brave et lui enlève la victoire , bien qu'il l'ait poussé au combat . Mais viens et tu verras en ce jour si je suis un lâche , comme tu le dis , et si je saurai rompre la vigueur des Danaens qui défendront le cadavre de Patroklos",Calme,,6IcQcpDsUU,emotion,text,labels,,,,,,,,
22,24,1,adrien.coulon@unil.ch,,,false,false,2021-11-10T16:18:19.815024Z,2021-11-10T16:19:03.322529Z,2866.439,0,22,,,2df98dff-17.csv,"— Troiens , Lykiens et braves Dardaniens , soyez des hommes , amis ! Souvenez-vous de votre force et de votre courage , tandis que je vais revêtir les armes de l'irréprochable Akhilleus , enlevées à Patroklos que j'ai tué .",2021-11-03T21:16:23.765420Z,2021-11-10T16:19:03.288819Z,1,2,223,"Troiens , Lykiens et braves Dardaniens , soyez des hommes , amis ! Souvenez-vous de votre force et de votre courage , tandis que je vais revêtir les armes de l'irréprochable Akhilleus , enlevées à Patroklos que j'ai tué .",Speech,,nI4zFbzm9Z,speech,text,labels,2,223,"Troiens , Lykiens et braves Dardaniens , soyez des hommes , amis ! Souvenez-vous de votre force et de votre courage , tandis que je vais revêtir les armes de l'irréprochable Akhilleus , enlevées à Patroklos que j'ai tué .",Ardeur,,zhHP3bN3tY,emotion,text,labels,,,,,,,,
18,20,1,adrien.coulon@unil.ch,,,false,false,2021-11-10T16:14:24.168005Z,2021-11-10T16:16:39.759726Z,2722.876,0,18,,,2df98dff-17.csv,"— Hektôr , tu as l'aspect du plus brave des hommes , mais tu n'es pas tel dans le combat , et tu ne mérites point ta gloire , car tu ne sais que fuir . Songe maintenant à sauver ta ville et ta citadelle , seul avec les peuples nés dans Ilios . Jamais plus les Lykiens ne lutteront contre les Danaens pour Troiè , puisque tu n'en as point de reconnaissance , bien qu'ils combattent éternellement . Lâche comment défendrais-tu même un faible guerrier dans la mêlée , puisque tu as abandonné , en proie aux Akhaiens , Sarpèdôn , ton hôte et ton compagnon , lui qui , vivant , fut d'un si grand secours à ta ville et à toi-même , et que maintenant tu abandonnes aux chiens ! C'est pourquoi , si les Lykiens m'obéissent , nous retournerons dans nos demeures , et la ruine d'Ilios sera proche . Si les Troiens avaient l'audace et la force de ceux qui combattent pour la patrie , nous traînerions dans Ilios , dans la grande ville de Priamos , le cadavre de Patroklos ; et , aussitôt , les Argiens nous rendraient les belles armes de Sarpèdôn et Sarpèdôn lui-même ; car il a été tué , le compagnon de cet homme qui est le plus formidable des Argiens auprès des nefs et qui a les plus braves compagnons . Mais tu n'as pas osé soutenir l'attaque du magnanime Aias , ni ses regards , dans la mêlée ; et tu as redouté de combattre , car il l'emporte de beaucoup sur toi !",2021-11-03T21:16:23.765165Z,2021-11-10T16:16:39.725529Z,1,0,1360,"— Hektôr , tu as l'aspect du plus brave des hommes , mais tu n'es pas tel dans le combat , et tu ne mérites point ta gloire , car tu ne sais que fuir . Songe maintenant à sauver ta ville et ta citadelle , seul avec les peuples nés dans Ilios . Jamais plus les Lykiens ne lutteront contre les Danaens pour Troiè , puisque tu n'en as point de reconnaissance , bien qu'ils combattent éternellement . Lâche comment défendrais-tu même un faible guerrier dans la mêlée , puisque tu as abandonné , en proie aux Akhaiens , Sarpèdôn , ton hôte et ton compagnon , lui qui , vivant , fut d'un si grand secours à ta ville et à toi-même , et que maintenant tu abandonnes aux chiens ! C'est pourquoi , si les Lykiens m'obéissent , nous retournerons dans nos demeures , et la ruine d'Ilios sera proche . Si les Troiens avaient l'audace et la force de ceux qui combattent pour la patrie , nous traînerions dans Ilios , dans la grande ville de Priamos , le cadavre de Patroklos ; et , aussitôt , les Argiens nous rendraient les belles armes de Sarpèdôn et Sarpèdôn lui-même ; car il a été tué , le compagnon de cet homme qui est le plus formidable des Argiens auprès des nefs et qui a les plus braves compagnons . Mais tu n'as pas osé soutenir l'attaque du magnanime Aias , ni ses regards , dans la mêlée ; et tu as redouté de combattre , car il l'emporte de beaucoup sur toi !",Speech,,If8tc1USfz,speech,text,labels,2,1360,"Hektôr , tu as l'aspect du plus brave des hommes , mais tu n'es pas tel dans le combat , et tu ne mérites point ta gloire , car tu ne sais que fuir . Songe maintenant à sauver ta ville et ta citadelle , seul avec les peuples nés dans Ilios . Jamais plus les Lykiens ne lutteront contre les Danaens pour Troiè , puisque tu n'en as point de reconnaissance , bien qu'ils combattent éternellement . Lâche comment défendrais-tu même un faible guerrier dans la mêlée , puisque tu as abandonné , en proie aux Akhaiens , Sarpèdôn , ton hôte et ton compagnon , lui qui , vivant , fut d'un si grand secours à ta ville et à toi-même , et que maintenant tu abandonnes aux chiens ! C'est pourquoi , si les Lykiens m'obéissent , nous retournerons dans nos demeures , et la ruine d'Ilios sera proche . Si les Troiens avaient l'audace et la force de ceux qui combattent pour la patrie , nous traînerions dans Ilios , dans la grande ville de Priamos , le cadavre de Patroklos ; et , aussitôt , les Argiens nous rendraient les belles armes de Sarpèdôn et Sarpèdôn lui-même ; car il a été tué , le compagnon de cet homme qui est le plus formidable des Argiens auprès des nefs et qui a les plus braves compagnons . Mais tu n'as pas osé soutenir l'attaque du magnanime Aias , ni ses regards , dans la mêlée ; et tu as redouté de combattre , car il l'emporte de beaucoup sur toi !",Dégoût,,f5psZvcqBh,emotion,text,labels,,,,,,,,
17,19,1,adrien.coulon@unil.ch,,,false,false,2021-11-10T16:14:13.524989Z,2021-11-10T16:14:34.552891Z,2597.674,0,17,,,2df98dff-17.csv,"Mais le fils de Hippolokhos , Glaukos , chef des hommes de Lykiè , regardant Hektôr d'un oeil sombre , lui dit ces dures paroles :",2021-11-03T21:16:23.765020Z,2021-11-10T16:14:34.518865Z,1,8,64,"fils de Hippolokhos , Glaukos , chef des hommes de Lykiè",Speaker,20,5kTAZLl9DZ,speech,text,labels,,,,,,,,,,,,,,,,,
13,15,1,adrien.coulon@unil.ch,,,false,false,2021-11-10T16:10:08.790971Z,2021-11-10T16:11:04.883129Z,2387.992,0,13,,,2df98dff-17.csv,"— Aias , viens , ami ! hâtons-nous pour Patroklos qui est mort , et rapportons au moins son cadavre à Akhilleus , car c'est Hektôr au casque mouvant qui a ses armes .",2021-11-03T21:16:23.764698Z,2021-11-10T16:11:04.842228Z,1,2,164,"Aias , viens , ami ! hâtons-nous pour Patroklos qui est mort , et rapportons au moins son cadavre à Akhilleus , car c'est Hektôr au casque mouvant qui a ses armes",Speech,,Y1wWKofhJD,speech,text,labels,2,62,"Aias , viens , ami ! hâtons-nous pour Patroklos qui est mort",Ardeur,,OYgCAoudTI,emotion,text,labels,,,,,,,,
11,13,1,adrien.coulon@unil.ch,,,false,false,2021-11-10T16:06:28.685686Z,2021-11-10T16:08:35.755792Z,2238.876,0,11,,,2df98dff-17.csv,"— Hélas ! si j'abandonne ces belles armes et Patroklos qui est mort pour ma cause , les Danaens qui me verront seront indignés ; mais si je combats seul contre Hektôr et les Troiens , je crains que cette multitude m'enveloppe , car Hektôr au casque mouvant mène avec lui tous les Troiens . Mais pourquoi délibérer dans ma chère âme ? Quand un homme veut lutter contre un autre homme qu'un dieu honore , aussitôt une lourde calamité est suspendue sur lui . C'est pourquoi aucun Danaen ne me blâmera de me retirer devant Hektôr , puisqu'il est poussé par un dieu . Si j'entendais le brave Aias dans la mêlée , nous retournerions tous deux au combat , même contre un dieu , et nous sauverions ce cadavre pour le Pèléide Akhilleus , et dans nos maux ceci serait pour le mieux .",2021-11-03T21:16:23.764578Z,2021-11-10T16:08:35.723120Z,1,2,773,"Hélas ! si j'abandonne ces belles armes et Patroklos qui est mort pour ma cause , les Danaens qui me verront seront indignés ; mais si je combats seul contre Hektôr et les Troiens , je crains que cette multitude m'enveloppe , car Hektôr au casque mouvant mène avec lui tous les Troiens . Mais pourquoi délibérer dans ma chère âme ? Quand un homme veut lutter contre un autre homme qu'un dieu honore , aussitôt une lourde calamité est suspendue sur lui . C'est pourquoi aucun Danaen ne me blâmera de me retirer devant Hektôr , puisqu'il est poussé par un dieu . Si j'entendais le brave Aias dans la mêlée , nous retournerions tous deux au combat , même contre un dieu , et nous sauverions ce cadavre pour le Pèléide Akhilleus , et dans nos maux ceci serait pour le mieux .",Speech,,Qiz1Hvl7JY,speech,text,labels,2,333,"Hélas ! si j'abandonne ces belles armes et Patroklos qui est mort pour ma cause , les Danaens qui me verront seront indignés ; mais si je combats seul contre Hektôr et les Troiens , je crains que cette multitude m'enveloppe , car Hektôr au casque mouvant mène avec lui tous les Troiens . Mais pourquoi délibérer dans ma chère âme ?",Tristesse,,q8myGPSlNg,emotion,text,labels,,,,,,,,
5,5,1,adrien.coulon@unil.ch,,,false,false,2021-11-10T15:51:18.225795Z,2021-11-10T15:52:22.300008Z,1265.413,0,5,,,2df98dff-17.csv,"Il parla ainsi , et il ne persuada point Euphorbos qui lui répondit :",2021-11-03T21:16:23.764041Z,2021-11-10T15:52:22.260713Z,1,41,50,Euphorbos,Speaker,6,6F3MxkhT2O,speech,text,labels,,,,,,,,,,,,,,,,,
6,6,1,adrien.coulon@unil.ch,,,false,false,2021-11-10T15:51:39.855164Z,2021-11-10T15:52:11.820695Z,1254.932,0,6,,,2df98dff-17.csv,"— Divin Ménélaos , certes , maintenant tu vas payer le sang de mon frère que tu as tué . Tu t'en glorifies , et tu as rendu sa femme veuve dans la profonde chambre nuptiale , et tu as accablé ses parents d'une douleur amère . Et moi , je vengerai ces malheureux et je remettrai aux mains de Panthos et de la divine Phrontis ta tête et tes armes . Mais ne retardons pas plus longtemps le combat qui amènera la victoire ou la défaite de l'un de nous .",2021-11-03T21:16:23.764102Z,2021-11-10T15:52:11.781799Z,1,2,447,"Divin Ménélaos , certes , maintenant tu vas payer le sang de mon frère que tu as tué . Tu t'en glorifies , et tu as rendu sa femme veuve dans la profonde chambre nuptiale , et tu as accablé ses parents d'une douleur amère . Et moi , je vengerai ces malheureux et je remettrai aux mains de Panthos et de la divine Phrontis ta tête et tes armes . Mais ne retardons pas plus longtemps le combat qui amènera la victoire ou la défaite de l'un de nous",Speech,,UqFrbsIBtl,speech,text,labels,2,447,"Divin Ménélaos , certes , maintenant tu vas payer le sang de mon frère que tu as tué . Tu t'en glorifies , et tu as rendu sa femme veuve dans la profonde chambre nuptiale , et tu as accablé ses parents d'une douleur amère . Et moi , je vengerai ces malheureux et je remettrai aux mains de Panthos et de la divine Phrontis ta tête et tes armes . Mais ne retardons pas plus longtemps le combat qui amènera la victoire ou la défaite de l'un de nous",Colère,,iILAuRuXs9,emotion,text,labels,,,,,,,,
3,3,1,adrien.coulon@unil.ch,,,false,false,2021-11-10T15:47:25.790045Z,2021-11-10T15:50:39.462272Z,1162.581,0,3,,,2df98dff-17.csv,"Et le blond Ménélaos , indigné , lui répondit :",2021-11-03T21:16:23.763916Z,2021-11-10T15:50:39.426608Z,1,12,20,Ménélaos,Speaker,4,wcxJ28Rqsu,speech,text,labels,,,,,,,,,,,,,,,,,
4,4,1,adrien.coulon@unil.ch,,,false,false,2021-11-10T15:48:29.069935Z,2021-11-10T15:49:51.520000Z,1114.647,0,4,,,2df98dff-17.csv,"— Père Zeus ! quelle honte de se vanter au-delà de ses forces ! Ni la rage du léopard , ni celle du lion , ni celle du sanglier féroce dont l'âme est toujours furieuse dans sa vaste poitrine , ne surpassent l'orgueil des fils de Panthos ! Le robuste cavalier Hypérènôr se glorifiait de sa jeunesse lorsqu'il m'insulta , disant que j'étais le plus lâche des Danaens ; et je pense que ses pieds rapides ne le porteront plus désormais vers l'épouse bienhYpppHeNaimée et les parents vénérables . Ainsi je romprai tes forces si tu me tiens tête ; et je t'avertis de rentrer dans la foule et de ne point me braver , avant que le malheur soit tombé sur toi . L'insensé seul ne reconnaît que ce qui est accompli .",2021-11-03T21:16:23.763981Z,2021-11-10T15:49:51.489282Z,1,2,705,"Père Zeus ! quelle honte de se vanter au-delà de ses forces ! Ni la rage du léopard , ni celle du lion , ni celle du sanglier féroce dont l'âme est toujours furieuse dans sa vaste poitrine , ne surpassent l'orgueil des fils de Panthos ! Le robuste cavalier Hypérènôr se glorifiait de sa jeunesse lorsqu'il m'insulta , disant que j'étais le plus lâche des Danaens ; et je pense que ses pieds rapides ne le porteront plus désormais vers l'épouse bienhYpppHeNaimée et les parents vénérables . Ainsi je romprai tes forces si tu me tiens tête ; et je t'avertis de rentrer dans la foule et de ne point me braver , avant que le malheur soit tombé sur toi . L'insensé seul ne reconnaît que ce qui est accompli .",Colère,,ZOOf3VCDh8,emotion,text,labels,2,705,"Père Zeus ! quelle honte de se vanter au-delà de ses forces ! Ni la rage du léopard , ni celle du lion , ni celle du sanglier féroce dont l'âme est toujours furieuse dans sa vaste poitrine , ne surpassent l'orgueil des fils de Panthos ! Le robuste cavalier Hypérènôr se glorifiait de sa jeunesse lorsqu'il m'insulta , disant que j'étais le plus lâche des Danaens ; et je pense que ses pieds rapides ne le porteront plus désormais vers l'épouse bienhYpppHeNaimée et les parents vénérables . Ainsi je romprai tes forces si tu me tiens tête ; et je t'avertis de rentrer dans la foule et de ne point me braver , avant que le malheur soit tombé sur toi . L'insensé seul ne reconnaît que ce qui est accompli .",Speech,,ZoJP3_axNu,speech,text,labels,,,,,,,,
86,88,1,adrien.coulon@unil.ch,,,false,false,2021-11-11T00:26:33.651724Z,2021-11-11T00:26:33.651759Z,8.16,0,86,,,2df98dff-17.csv,"— Tu as bien dit , ô illustre Ménélaos . Toi et Mèrionès , enlevez promptement le cadavre et emportez-le hors de la mêlée ; et , derrière vous , nous repousserons les Troiens et le divin Hektôr , nous qui avons la même âme et le même nom , et qui savons affronter tous deux le combat terrible .",2021-11-03T21:16:23.769930Z,2021-11-03T21:16:23.769944Z,1,2,294,"Tu as bien dit , ô illustre Ménélaos . Toi et Mèrionès , enlevez promptement le cadavre et emportez-le hors de la mêlée ; et , derrière vous , nous repousserons les Troiens et le divin Hektôr , nous qui avons la même âme et le même nom , et qui savons affronter tous deux le combat terrible .",Speech,,Cv1x3g2AmE,speech,text,labels,,,,,,,,,,,,,,,,,
84,86,1,adrien.coulon@unil.ch,,,false,false,2021-11-11T00:25:44.341546Z,2021-11-11T00:25:44.341581Z,6.979,0,84,,,2df98dff-17.csv,"— J'ai envoyé Antilokhos vers les nefs , afin de parler au Pèléiôn aux pieds rapides ; mais je ne pense pas que le Pèlèiade vienne maintenant , bien que très irrité contre le divin Hektôr , car il ne peut combattre sans armes . Songeons , pour le mieux , de quelle façon nous entraînerons ce cadavre , et comment nous éviterons nous-mêmes la mort et la moire à travers le tumulte des Troiens .",2021-11-03T21:16:23.769822Z,2021-11-03T21:16:23.769836Z,1,2,393,"J'ai envoyé Antilokhos vers les nefs , afin de parler au Pèléiôn aux pieds rapides ; mais je ne pense pas que le Pèlèiade vienne maintenant , bien que très irrité contre le divin Hektôr , car il ne peut combattre sans armes . Songeons , pour le mieux , de quelle façon nous entraînerons ce cadavre , et comment nous éviterons nous-mêmes la mort et la moire à travers le tumulte des Troiens .",Speech,,Sg3ssNBxx-,speech,text,labels,,,,,,,,,,,,,,,,,
77,79,1,adrien.coulon@unil.ch,,,false,false,2021-11-11T00:16:46.186080Z,2021-11-11T00:16:46.186129Z,4.512,0,77,,,2df98dff-17.csv,"— Divin Ménélaos , cherche maintenant Antilokhos , le magnanime fils de Nestôr , si toutefois il est encore vivant , et qu'il se hâte d'aller dire au belliqueux Akhilleus que le plus cher de ses compagnons est mort .",2021-11-03T21:16:23.769433Z,2021-11-03T21:16:23.769447Z,1,2,214,"Divin Ménélaos , cherche maintenant Antilokhos , le magnanime fils de Nestôr , si toutefois il est encore vivant , et qu'il se hâte d'aller dire au belliqueux Akhilleus que le plus cher de ses compagnons est mort",Speech,,Qq-eOH-Kyq,speech,text,labels,,,,,,,,,,,,,,,,,
69,71,1,adrien.coulon@unil.ch,,,false,false,2021-11-11T00:09:37.129264Z,2021-11-11T00:09:37.129302Z,6.104,0,69,,,2df98dff-17.csv,"— Hektôr , qui d'entre les Akhaiens te redoutera désormais , si tu crains Ménélaos qui n'est qu'un faible guerrier , et qui enlève seul ce cadavre , après avoir tué ton compagnon fidèle , brave entre les hommes , Podès , fils d'Êétiôn ?",2021-11-03T21:16:23.768975Z,2021-11-03T21:16:23.768989Z,1,2,236,"Hektôr , qui d'entre les Akhaiens te redoutera désormais , si tu crains Ménélaos qui n'est qu'un faible guerrier , et qui enlève seul ce cadavre , après avoir tué ton compagnon fidèle , brave entre les hommes , Podès , fils d'Êétiôn ?",Speech,,GJ3DrJdyJC,speech,text,labels,,,,,,,,,,,,,,,,,
63,65,1,adrien.coulon@unil.ch,,,false,false,2021-11-11T00:02:51.932304Z,2021-11-11T00:02:51.932343Z,8.391,0,63,,,2df98dff-17.csv,"Et il mit sur le char les dépouilles sanglantes , et il y monta , les pieds et les mains sanglants , comme un lion qui vient de manger un taureau .",2021-11-03T21:16:23.768646Z,2021-11-03T21:16:23.768660Z,1,,,,,,,,,,,,,,,,,,,,,,,,,,
59,61,1,adrien.coulon@unil.ch,,,false,false,2021-11-10T23:59:54.103911Z,2021-11-10T23:59:54.103945Z,19.425,0,59,,,2df98dff-17.csv,"Ayant ainsi parlé , il appela les Aias et Ménélaos :",2021-11-03T21:16:23.768416Z,2021-11-03T21:16:23.768430Z,1,,,,,,,,,,,,,,,,,,,,,,,,,,
58,60,1,adrien.coulon@unil.ch,,,false,false,2021-11-10T23:58:49.390667Z,2021-11-10T23:58:49.390702Z,5.845,0,58,,,2df98dff-17.csv,"— Alkimédôn , ne retiens point les chevaux loin de moi , mais qu'ils soufflent sur mon dos , car je ne pense pas que la fureur du Priamide Hektôr s'apaise , avant qu'il nous ait tués et qu'il ait saisi les chevaux aux belles crinières d'Akhilleus , ou qu'il soit lui-même tombé sous nos mains .",2021-11-03T21:16:23.768363Z,2021-11-03T21:16:23.768377Z,1,2,294,"Alkimédôn , ne retiens point les chevaux loin de moi , mais qu'ils soufflent sur mon dos , car je ne pense pas que la fureur du Priamide Hektôr s'apaise , avant qu'il nous ait tués et qu'il ait saisi les chevaux aux belles crinières d'Akhilleus , ou qu'il soit lui-même tombé sous nos mains .",Speech,,p94fZb8yLH,speech,text,labels,,,,,,,,,,,,,,,,,
35,37,1,adrien.coulon@unil.ch,,,false,false,2021-11-10T16:32:15.415688Z,2021-11-10T16:32:15.415765Z,33.607,0,35,,,2df98dff-17.csv,"Et Hippothoos , fils du Pélasge Lèthos , ayant lié le tendon par une courroie , traînait Patroklos par un pied dans la mêlée , afin de plaire à Hektôr et aux Troiens ; mais il lui en arriva malheur , sans que nul pût le sauver , car le Télamônien , se ruant au milieu de la foule , le frappa sur son casque d'airain , et le casque à crinière fut brisé par la grande lance et la main vigoureuse d'Aias , et l'airain de la pointe traversa la cervelle qui jaillit sanglante de la plaie , et ses forces furent rompues . Il lâcha le pied du magnanime Patroklos et tomba lui-même sur le cadavre , loin de Larissè ; et il ne rendit point à ses parents bien-aimés les soins qu'ils lui avaient donnés , et sa vie fut brève , ayant été ainsi dompté par le magnanime Aias .",2021-11-03T21:16:23.766531Z,2021-11-03T21:16:23.766553Z,1,,,,,,,,,,,,,,,,,,,,,,,,,,
32,34,1,adrien.coulon@unil.ch,,,false,false,2021-11-10T16:28:14.466849Z,2021-11-10T16:28:14.466901Z,29.36,0,32,,,2df98dff-17.csv,"Il parla ainsi , et le rapide Aias , fils d'Oileus , vint le premier , en courant à travers la mêlée , et , après lui , Idoméneus , et le compagnon d'Idoméneus , Mèrionès , semblable au tueur d'hommes Arès . Mais qui pourrait , dans son esprit , dire les noms de tous ceux qui vinrent rétablir le combat des Akhaiens ?",2021-11-03T21:16:23.766047Z,2021-11-03T21:16:23.766062Z,1,,,,,,,,,,,,,,,,,,,,,,,,,,
23,25,1,adrien.coulon@unil.ch,,,false,false,2021-11-10T16:19:50.981376Z,2021-11-10T16:19:50.981411Z,33.405,0,23,,,2df98dff-17.csv,"Ayant ainsi parlé , Hektôr , s'éloignant de la mêlée , courut rapidement vers ses compagnons qui portaient à Ilios les armes illustres du Pèléide . Et , loin de la mêlée lamentable , il changea d'armes et donna les siennes pour être portées dans la sainte Ilios . Et il se couvrit des armes immortelles du Pèléide Akhilleus , que les dieux ouraniens avaient données à Pèleus . Et celui-ci , étant vieux , les avait données à son fils ; mais le fils ne devait point vieillir sous les armes paternelles .",2021-11-03T21:16:23.765482Z,2021-11-03T21:16:23.765497Z,1,,,,,,,,,,,,,,,,,,,,,,,,,,
21,23,1,adrien.coulon@unil.ch,,,false,false,2021-11-10T16:18:17.136253Z,2021-11-10T16:18:17.136296Z,1.321,0,21,,,2df98dff-17.csv,"Il parla ainsi , et il exhorta les Troiens à voix haute :",2021-11-03T21:16:23.765359Z,2021-11-03T21:16:23.765374Z,1,,,,,,,,,,,,,,,,,,,,,,,,,,
14,16,1,adrien.coulon@unil.ch,,,false,false,2021-11-10T16:11:26.516612Z,2021-11-10T16:11:26.516647Z,18.515,0,14,,,2df98dff-17.csv,"Il parla ainsi , et l'âme du brave Aias fut remuée , et il se jeta aux premiers rangs , avec le blond Ménélaos .",2021-11-03T21:16:23.764753Z,2021-11-03T21:16:23.764767Z,1,,,,,,,,,,,,,,,,,,,,,,,,,,
9,11,1,adrien.coulon@unil.ch,,,false,false,2021-11-10T16:02:05.916620Z,2021-11-10T16:02:05.916656Z,8.395,0,9,,,2df98dff-17.csv,"— Hektôr , où cours-tu ainsi ? pourquoi poursuis-tu follement les chevaux du brave Akhilleus , qui ne peuvent être ni soumis , ni conduits par aucun homme mortel , autre qu'Akhilleus qu'une mère immortelle a enfanté ? Voici , pendant ce temps , que le brave Ménélaos , fils d'Atreus , pour défendre Patroklos , a tué le plus courageux des Troiens , le Panthoide Euphorbos , et rompu sa vigueur impétueuse .",2021-11-03T21:16:23.764289Z,2021-11-03T21:16:23.764302Z,1,2,406,"Hektôr , où cours-tu ainsi ? pourquoi poursuis-tu follement les chevaux du brave Akhilleus , qui ne peuvent être ni soumis , ni conduits par aucun homme mortel , autre qu'Akhilleus qu'une mère immortelle a enfanté ? Voici , pendant ce temps , que le brave Ménélaos , fils d'Atreus , pour défendre Patroklos , a tué le plus courageux des Troiens , le Panthoide Euphorbos , et rompu sa vigueur impétueuse .",Speech,,OrRfSdVM42,speech,text,labels,,,,,,,,,,,,,,,,,
